﻿number,entity-hover
1,Aavia
2,Abound Parenting
3,Accion Systems
4,AdaptivPlan
5,Adaviv
6,AirWorks
7,Alba ( Application Software)
8,Alfie
9,Almond Fintech
10,Alpaca (Real Estate Services)
11,Amplified Industries
12,Arena (Recreational Goods)
13,Armoire
14,Array Insights
15,Arsenal Health
16,Ashton Instruments
17,Assetario
18,Atem (Monitoring Equipment)
19,Atolla
20,augGI
21,Avatech (Accelerator)
22,Below the Fold
23,Biobot Analytics
24,Blockparty (United States)
25,Bloomer Tech
26,Buddy ( Other Services (B2C Non-Financial) )
27,Centaur Labs
28,Chord (Financial Services)
29,Confer Health
30,Datasight
31,DaytoDay
32,Depict (Social/Platform Software)
33,Disease Diagnostic Group
34,Divaqua
35,E-Fish
36,Easel (Information Services)
37,Elemen (Consumer Services)
38,Embr Labs
39,Emerald (Monitoring Equipment)
40,Empallo
41,EverVest
42,Factory Shop
43,Find A Therapist
44,FleteYa
45,Floating Point Group
46,Gataca (Network Management Software)
47,Gecko Health Innovations
48,Genesis DNA
49,GetRid
50,Grove Labs
51,Hardworkers
52,Haystack Health
53,Haystack Health (Clinics/Outpatient Services)
54,Haystack(Business/Productivity Software)
55,Hemingly
56,Hive Maritime
57,Horbito
58,Hosta a.i.
59,Humon
60,ImmunoSlide
61,Infinite Analytics
62,Infinite Cooling
63,Insanirator
64,Khethworks
65,Klarity
66,Kumwe
67,Lallitara
68,Lallitara
69,Leuko
70,LiquiGlide
71,Live Sports Markets
72,Loci (Oil and Gas Equipment)
73,Lynx Rent
74,Mantle Biotech
75,Mesodyne
76,Metaplane
77,Miramix
78,Monograph
79,NeuroMesh
80,Nextiles
81,Nima
82,Nima
83,NVBOTS
84,OBaa
85,Octant (
86,Ocular Technologies
87,Ori
88,Perch
89,PicFic
90,Pine Health
91,Pluto
92,Point API
93,Posh
94,Precavida
95,Propagation Labs
96,Remora Therapeutics
97,Rendever
98,ReviveMed
99,Ricult
100,Rivet
101,Robigo
102,Roots Studio
103,Rune (Entertainment Software)
104,Season Three
105,Sigma Ratings
106,SirMixABot
107,Smarking
108,Soko (Specialty Retail)
109,Solstice
110,Sonabos Technologies
111,Space Us
112,Spatio Metrics
113,Spyce
114,Swappl
115,Synaps Labs
116,Tekuma Frenchman
117,Thasa
118,Thyme Labs
119,TireTutor
120,Tracflo
121,TradeTrack
122,uLink
123,Universe Collaborative Lifestyle
124,Vectorly
125,VideaHealth
126,VideaHealth
127,Viridis RS
128,VSParticle
129,Waffle (Multi-line Insurance)
130,Waypoint Labs
131,Wecyclers
132,WellNested
133,Weven
134,Wicare
135,Wild For
136,Wise Systems
137,Woobo
