,ellipsis 2,entity-hover href,entity-hover,entity-hover 2,position,entity-hover href 3,company,ellipsis 4,ellipsis 5,ellipsis 7
Public Company,"Massachusetts Institute of Technology (MIT), University of Michigan, Ann Arbor",https://my-pitchbook-com.libproxy.mit.edu/profile/117959-05P/person/profile,Hart,A.,Co-Founder,https://my-pitchbook-com.libproxy.mit.edu/profile/126395-56/company/profile,Desktop Metal,"Burlington, MA",Burlington,01803
Private Company,Massachusetts Institute of Technology (MIT),https://my-pitchbook-com.libproxy.mit.edu/profile/159666-31P/person/profile,Goodisman,Aaron,"Co-Founder, Chief Operating Officer, Board Member & Chief Technology Officer",https://my-pitchbook-com.libproxy.mit.edu/profile/174511-81/company/profile,Valora Technologies,"Bedford, MA",Bedford,01730
Private Company,"Indian Institute of Technology, Bombay, Massachusetts Institute of Technology (MIT), University of Chicago",https://my-pitchbook-com.libproxy.mit.edu/profile/185996-98P/person/profile,Jha,Abhishek,Co-Founder & Chief Executive Officer,https://my-pitchbook-com.libproxy.mit.edu/profile/228911-32/company/profile,Elucidata,"Cambridge, MA",Cambridge,02139
Private Company,"MIT (Sloan), George Washington University, Technology Institute of Monterrey, Teknillinen korkeakoulu-Tekniska högskolan",https://my-pitchbook-com.libproxy.mit.edu/profile/143489-71P/person/profile,Christian Rodriguez Garcia,Abraham,"Co-Founder, Chief Technology Officer & Board Member",https://my-pitchbook-com.libproxy.mit.edu/profile/164177-56/company/profile,Relativity6,"Cambridge, MA",Cambridge,02139
Private Company,"Massachusetts Institute of Technology (MIT), University of Rhode Island, Kingston",https://my-pitchbook-com.libproxy.mit.edu/profile/195622-66P/person/profile,Yes,Aceil,"Co-Founder, Chief Operating Officer & Board Member",https://my-pitchbook-com.libproxy.mit.edu/profile/187505-65/company/profile,Bloomer Tech,"Cambridge, MA",Cambridge,02142
Private Company,"MIT (Sloan), Tufts University",https://my-pitchbook-com.libproxy.mit.edu/profile/42098-68P/person/profile,Blake,Adam,Co-Founder & Co-Chief Executive Officer,https://my-pitchbook-com.libproxy.mit.edu/profile/484446-88/company/profile,Telescoped,"Boston, MA",Boston,02115
Private Company,MIT (Sloan),https://my-pitchbook-com.libproxy.mit.edu/profile/128914-93P/person/profile,Donovan,Adam,Co-Founder & Chief Technology Officer,https://my-pitchbook-com.libproxy.mit.edu/profile/52768-27/company/profile,Triple,"Boston, MA",Boston,02110
Private Company,MIT (Sloan),https://my-pitchbook-com.libproxy.mit.edu/profile/173872-99P/person/profile,Kersnowski,Adam,"Co-Founder, Chief Evangelist & Board Member",https://my-pitchbook-com.libproxy.mit.edu/profile/221982-40/company/profile,AirWorks,"Boston, MA",Boston,02114
Private Company,Massachusetts Institute of Technology (MIT),https://my-pitchbook-com.libproxy.mit.edu/profile/43295-68P/person/profile,Powell,Adam,Co-Founder & Chief Technology Officer,https://my-pitchbook-com.libproxy.mit.edu/profile/55217-17/company/profile,Infinium Metals,"Natick, MA",Natick,01760
Private Company,"Harvard University, MIT (Sloan), Yale University",https://my-pitchbook-com.libproxy.mit.edu/profile/86852-08P/person/profile,Rein,Adam,"Co-Founder, Chief Investment Officer, Co-Chief Executive Officer & President",https://my-pitchbook-com.libproxy.mit.edu/profile/231913-45/company/profile,CapShift,"Newton, MA",Newton,02465
Private Company,"Brown University, Harvard University, Massachusetts Institute of Technology (MIT)",https://my-pitchbook-com.libproxy.mit.edu/profile/278423-92P/person/profile,Swartzbaugh,Adam,Co-Founder & Chief Executive Officer,https://my-pitchbook-com.libproxy.mit.edu/profile/482435-29/company/profile,Almond Fintech,"Boston, MA",Boston,
Private Company,"Massachusetts Institute of Technology, Harvard Medical School, Johns Hopkins University",https://my-pitchbook-com.libproxy.mit.edu/profile/230863-96P/person/profile,Malek,Adel,Founder & Chief Medical Officer,https://my-pitchbook-com.libproxy.mit.edu/profile/286246-45/company/profile,CereVasc,"Auburndale, MA",Auburndale,02466
Public Company,"Massachusetts Institute of Technology, UC Berkeley (Haas)",https://my-pitchbook-com.libproxy.mit.edu/profile/161977-60P/person/profile,Kohli,Aditya,"Founder & Chief Operating Officer, Operations",https://my-pitchbook-com.libproxy.mit.edu/profile/470925-82/company/profile,HilleVax,"Boston, MA",Boston,02118
Private Company,"Massachusetts Institute of Technology, Carnegie Mellon University",https://my-pitchbook-com.libproxy.mit.edu/profile/268787-62P/person/profile,Kim,Names,Co-Founder & Chief Executive Officer,https://my-pitchbook-com.libproxy.mit.edu/profile/469684-00/company/profile,Enolink,"Boston, MA",Boston,02142
Private Company,"Harvard University, MIT (Sloan)",https://my-pitchbook-com.libproxy.mit.edu/profile/241096-42P/person/profile,Bawa,Ajay,"Co-Founder, Chief Operating Officer, Board Chair & Vice President",https://my-pitchbook-com.libproxy.mit.edu/profile/439200-10/company/profile,Thiozen,"Beverly, MA",Beverly,01915
Private Company,"MIT (Sloan), University of Cincinnati, University of Pune",https://my-pitchbook-com.libproxy.mit.edu/profile/98371-99P/person/profile,Bhatia,Akash,Chief Executive Officer & Co-Founder,https://my-pitchbook-com.libproxy.mit.edu/profile/108647-38/company/profile,Infinite Analytics,"Lexington, MA",Lexington,02421
Private Company,"Massachusetts Institute of Technology (MIT), University of Tokyo",https://my-pitchbook-com.libproxy.mit.edu/profile/298540-54P/person/profile,Week,Akihiko,"Co-Founder, Chief Operating Officer & Board Member",https://my-pitchbook-com.libproxy.mit.edu/profile/494956-09/company/profile,Multitude Insights,"Cambridge, MA",Cambridge,
Private Company,"Harvard Business School, MIT (Sloan), University of Bath",https://my-pitchbook-com.libproxy.mit.edu/profile/152456-59P/person/profile,MacCormack,Alan,Co-Founder & Board Member,https://my-pitchbook-com.libproxy.mit.edu/profile/168980-32/company/profile,Silverthread,"Boston, MA",Boston,02114
Private Company,"MIT (Sloan), Brandeis University",https://my-pitchbook-com.libproxy.mit.edu/profile/143488-99P/person/profile,Ringvald,Alan,"Co-Founder, President, Chief Executive Officer & Board Member",https://my-pitchbook-com.libproxy.mit.edu/profile/164177-56/company/profile,Relativity6,"Cambridge, MA",Cambridge,02139
Private Company,"Massachusetts Institute of Technology (MIT), University of Washington, Seattle",https://my-pitchbook-com.libproxy.mit.edu/profile/163994-95P/person/profile,Nielsen,Alec,"Co-Founder, Chief Executive Officer, President & Board Member",https://my-pitchbook-com.libproxy.mit.edu/profile/181525-69/company/profile,Asimov,"Boston, MA",Boston,02215
Private Company,"Massachusetts Institute of Technology (MIT), Pennsylvania State University (Penn State)",https://my-pitchbook-com.libproxy.mit.edu/profile/132255-01P/person/profile,Moreno,Alex,"Co-Founder, President & Board Member",https://my-pitchbook-com.libproxy.mit.edu/profile/442838-44/company/profile,Be Biopharma,"Cambridge, MA",Cambridge,02139
Private Company,"Massachusetts Institute of Technology (MIT), Tufts University",https://my-pitchbook-com.libproxy.mit.edu/profile/183392-38P/person/profile,Adele,Alex,Co-Founder & Chief Executive Officer,https://my-pitchbook-com.libproxy.mit.edu/profile/172914-04/company/profile,Stunt,"Boston, MA",Boston,02116
Private Company,"Indiana University, Massachusetts Institute of Technology (MIT), University of Florida, University of Toronto",https://my-pitchbook-com.libproxy.mit.edu/profile/281051-20P/person/profile,Goraltchouk,Alex,"Co-Founder, Chief Operating Officer & Board Member",https://my-pitchbook-com.libproxy.mit.edu/profile/483666-76/company/profile,Bio remedy,"Needham, MA",Needham,02492
Private Company,Massachusetts Institute of Technology (MIT),https://my-pitchbook-com.libproxy.mit.edu/profile/105978-34P/person/profile,Lesman,Alex,Co-Founder & Co-Chief Technology Officer,https://my-pitchbook-com.libproxy.mit.edu/profile/97699-42/company/profile,BevSpot,"Boston, MA",Boston,02109
Private Company,"Massachusetts Institute of Technology (MIT), University of Michigan, Ann Arbor",https://my-pitchbook-com.libproxy.mit.edu/profile/42049-90P/person/profile,Pentland,Alex,Co-Founder,https://my-pitchbook-com.libproxy.mit.edu/profile/233445-88/company/profile,Distilled Identity,"Cambridge, MA",Cambridge,02142
Private Company,"Massachusetts Institute of Technology (MIT), Rutgers University, New Brunswick",https://my-pitchbook-com.libproxy.mit.edu/profile/73226-71P/person/profile,Westner,Alex,"Co-Founder, Chief Executive Officer & Board Member",https://my-pitchbook-com.libproxy.mit.edu/profile/517964-05/company/profile,Xander,"Somerville, MA",Somerville,02145-2858
Private Company,Massachusetts Institute of Technology,https://my-pitchbook-com.libproxy.mit.edu/profile/222218-38P/person/profile,Turjman,Alexis,"Founder, Chief Executive Officer & Board Member",https://my-pitchbook-com.libproxy.mit.edu/profile/110772-01/company/profile,Cognition Medical,"Cambridge, MA",Cambridge,02141
Private Company,Massachusetts Institute of Technology,https://my-pitchbook-com.libproxy.mit.edu/profile/66107-71P/person/profile,Azarbayejani,Ali,"Co-Founder, Chief Technology Officer & Board Member",https://my-pitchbook-com.libproxy.mit.edu/profile/62731-81/company/profile,Cogito,"Boston, MA",Boston,02109
Private Company,"Massachusetts Institute of Technology (MIT), Kansas State University",https://my-pitchbook-com.libproxy.mit.edu/profile/129008-80P/person/profile,Mohammad,Ali,"Co-Founder, Chief Executive Officer, President & Board Member",https://my-pitchbook-com.libproxy.mit.edu/profile/182728-81/company/profile,Nuli Coffee,"Cambridge, MA",Cambridge,02139
Private Company,"Massachusetts Institute of Technology (MIT), Tecnológico de Monterrey (Monterrey Institute of Technology)",https://my-pitchbook-com.libproxy.mit.edu/profile/195622-57P/person/profile,Chong Rodriguez,Alicia,"Co-Founder, Chief Executive Officer, President and Board Member",https://my-pitchbook-com.libproxy.mit.edu/profile/187505-65/company/profile,Bloomer Tech,"Cambridge, MA",Cambridge,02142
Private Company,"Massachusetts Institute of Technology, Harvard University, Cambridge University",https://my-pitchbook-com.libproxy.mit.edu/profile/123535-00P/person/profile,Chen,Allen,Co-Founder,https://my-pitchbook-com.libproxy.mit.edu/profile/150074-29/company/profile,Agile Devices,"Newton, MA",Newton,02459
Private Company,Massachusetts Institute of Technology,https://my-pitchbook-com.libproxy.mit.edu/profile/280243-36P/person/profile,Lee,Allen,Founder & Chief Executive Officer,https://my-pitchbook-com.libproxy.mit.edu/profile/483366-97/company/profile,Beta Finance,"Cambridge, MA",Cambridge,
Private Company,"MIT (Sloan), Georgia Institute of Technology",https://my-pitchbook-com.libproxy.mit.edu/profile/54369-28P/person/profile,Advani,Aman,"Co-Founder, President, Co-Chief Executive Officer & Board Member",https://my-pitchbook-com.libproxy.mit.edu/profile/59218-48/company/profile,Ministry of Supply,"Boston, MA",Boston,02116
Private Company,"MIT (Sloan), University of California, Irvine, Indian Institute of Technology, Bombay",https://my-pitchbook-com.libproxy.mit.edu/profile/80147-08P/person/profile,Jain,Amit,"Co-Founder, Chief Commercial Officer & Board Member",https://my-pitchbook-com.libproxy.mit.edu/profile/435090-88/company/profile,Verana Networks,"Chelmsford, MA",Chelmsford,01824
Private Company,"Massachusetts Institute of Technology, IDC Herzliya, Tel Aviv University",https://my-pitchbook-com.libproxy.mit.edu/profile/85805-38P/person/profile,Kalmar,Amitay,Co-Founder & Chief Executive Officer,https://my-pitchbook-com.libproxy.mit.edu/profile/229240-27/company/profile,Lendbuzz,"Boston, MA",Boston,02110
Private Company,"Massachusetts Institute of Technology (MIT), University of Houston",https://my-pitchbook-com.libproxy.mit.edu/profile/281583-19P/person/profile,Alali,Ammar,"Co-Founder, President & Board Member",https://my-pitchbook-com.libproxy.mit.edu/profile/223786-36/company/profile,Eden (Energy Infrastructure),"Somerville, MA",Somerville,02143
Private Company,"Massachusetts Institute of Technology (MIT), Tufts University",https://my-pitchbook-com.libproxy.mit.edu/profile/80333-02P/person/profile,Winter,Amos,Co-Founder & Chief Technical Advisor,https://my-pitchbook-com.libproxy.mit.edu/profile/85610-62/company/profile,GRIT,"Medford, MA",Medford,02155
Private Company,"Massachusetts Institute of Technology (MIT), Stanford University",https://my-pitchbook-com.libproxy.mit.edu/profile/263113-84P/person/profile,Wallace,Andee,"Co-Founder, Chief Executive Officer & Board Member",https://my-pitchbook-com.libproxy.mit.edu/profile/483570-46/company/profile,Robigo,"Cambridge, MA",Cambridge,02139
Private Company,Massachusetts Institute of Technology (MIT),https://my-pitchbook-com.libproxy.mit.edu/profile/45940-42P/person/profile,Lau,Andrew,"Co-Founder, Chief Executive Officer & Board Member",https://my-pitchbook-com.libproxy.mit.edu/profile/233722-18/company/profile,Jellyfish,"Boston, MA",Boston,02111
Venture Capital,"Harvard Medical School, Massachusetts Institute of Technology, Princeton University",https://my-pitchbook-com.libproxy.mit.edu/profile/101307-88P/person/profile,Levin,Andrew,Partner & Managing Director,https://my-pitchbook-com.libproxy.mit.edu/profile/41009-68/investor/profile,RA Capital Management,"Boston, MA",Boston,02116
Venture Capital,"Massachusetts Institute of Technology, Dartmouth College (Tuck), Bowdoin College",https://my-pitchbook-com.libproxy.mit.edu/profile/53940-52P/person/profile,Palmer,Andrew,Founder,https://my-pitchbook-com.libproxy.mit.edu/profile/85672-09/investor/profile,Koa Labs,"Cambridge, MA",Cambridge,02138
Private Company,"Harvard Business School, Massachusetts Institute of Technology (MIT), Princeton University",https://my-pitchbook-com.libproxy.mit.edu/profile/178286-05P/person/profile,Robbins,Andrew,Chairman & President,https://my-pitchbook-com.libproxy.mit.edu/profile/88250-50/company/profile,Paytronix Systems,"Newton, MA",Newton,02458
Private Company,"Harvard University, Massachusetts Institute of Technology (MIT)",https://my-pitchbook-com.libproxy.mit.edu/profile/39035-35P/person/profile,Yu,Andrew,"Co Founder, Co-Chief Executive Officer, President & Board Member",https://my-pitchbook-com.libproxy.mit.edu/profile/53317-00/company/profile,Modo (Software Development Applications),"Cambridge, MA",Cambridge,02140
Private Company,Massachusetts Institute of Technology (MIT),https://my-pitchbook-com.libproxy.mit.edu/profile/22919-41P/person/profile,Zarur,Andrey,"Co-Founder, Board Member, Chief Executive Officer and President",https://my-pitchbook-com.libproxy.mit.edu/profile/54284-32/company/profile,GreenLight Biosciences,"Lexington, MA",Lexington,02421-3102
Private Company,Massachusetts Institute of Technology,https://my-pitchbook-com.libproxy.mit.edu/profile/260804-80P/person/profile,Wang,Andy,Co-Founder & Chief Executive Officer,https://my-pitchbook-com.libproxy.mit.edu/profile/465457-87/company/profile,Prescient Devices,"Concord, MA",Concord,01742
Private Company,MIT (Sloan),https://my-pitchbook-com.libproxy.mit.edu/profile/206519-59P/person/profile,Kim,Anne,Co-Founder & Chief Executive Officer,https://my-pitchbook-com.libproxy.mit.edu/profile/266052-61/company/profile,Array Insights,"Cambridge, MA",Cambridge,02142
Private Company,Massachusetts Institute of Technology,https://my-pitchbook-com.libproxy.mit.edu/profile/195726-52P/person/profile,Allanore,Antoine,Co-Founder,https://my-pitchbook-com.libproxy.mit.edu/profile/234100-27/company/profile,Boston Metal,"Woburn, MA",Woburn,01801
Private Company,"Massachusetts Institute of Technology (MIT), University of Missouri, Columbia",https://my-pitchbook-com.libproxy.mit.edu/profile/50801-68P/person/profile,Bajpayee,Anurag,Co-Founder & Chief Executive Officer,https://my-pitchbook-com.libproxy.mit.edu/profile/57585-97/company/profile,Gradiant,"Woburn, MA",Woburn,01801
Private Company,"Harvard University, Massachusetts Institute of Technology (MIT)",https://my-pitchbook-com.libproxy.mit.edu/profile/141931-99P/person/profile,Rao,Aparna,"Founder, Chief Executive Officer & Board Member",https://my-pitchbook-com.libproxy.mit.edu/profile/163623-88/company/profile,eCare Vault,"Boston, MA",Boston,02116
Private Company,"Helsinki University of Technology, MIT (Sloan)",https://my-pitchbook-com.libproxy.mit.edu/profile/97008-31P/person/profile,Salonen,Ari,Co-Founder & Board Member,https://my-pitchbook-com.libproxy.mit.edu/profile/94078-72/company/profile,Midaxo,"Boston, MA",Boston,02109
Private Company,Massachusetts Institute of Technology (MIT),https://my-pitchbook-com.libproxy.mit.edu/profile/352556-38P/person/profile,Shajii,Ariya,"Founder, Chief Executive Officer, President & Board Member",https://my-pitchbook-com.libproxy.mit.edu/profile/529660-54/company/profile,Exaloop,"Brookline, MA",Brookline,02446
Private Company,"Anna University, MIT (Sloan)",https://my-pitchbook-com.libproxy.mit.edu/profile/190192-15P/person/profile,Mendhi,Arjun,"Founder, Board Member, President & Chief Executive Officer",https://my-pitchbook-com.libproxy.mit.edu/profile/230437-00/company/profile,Molten,"Cambridge, MA",Cambridge,02142
Private Company,Massachusetts Institute of Technology (MIT),https://my-pitchbook-com.libproxy.mit.edu/profile/44344-00P/person/profile,Acosta,Arron,"Co-Founder, Chief Executive Officer, Board Member & President",https://my-pitchbook-com.libproxy.mit.edu/profile/55623-61/company/profile,RISE Robotics,"Somerville, MA",Somerville,02143
Private Company,Massachusetts Institute of Technology (MIT),https://my-pitchbook-com.libproxy.mit.edu/profile/299770-12P/person/profile,Beckwith,Ashley,Co-Founder and Chief Executive Officer,https://my-pitchbook-com.libproxy.mit.edu/profile/495682-57/company/profile,FORAY (Forestry Development/Harvesting),"Cambridge, MA",Cambridge,
Private Company,"Columbia University, Massachusetts Institute of Technology (MIT)",https://my-pitchbook-com.libproxy.mit.edu/profile/64468-63P/person/profile,Chander,Ashok,Co-Founder & Board Member,https://my-pitchbook-com.libproxy.mit.edu/profile/61778-98/company/profile,Cellanyx,"Beverly, MA",Beverly,01915
Private Company,"Harvard Business School, Massachusetts Institute of Technology (MIT)",https://my-pitchbook-com.libproxy.mit.edu/profile/60062-14P/person/profile,Muir,Ayr,"Founder, President, Board Member & Chief Executive Officer",https://my-pitchbook-com.libproxy.mit.edu/profile/60674-32/company/profile,Clover Food Lab,"Boston, MA",Boston,02110
Private Company,"University College London, Brandeis University, Massachusetts Institute of Technology (MIT)",https://my-pitchbook-com.libproxy.mit.edu/profile/202773-34P/person/profile,Imperiali,Barbara,"Co-Founder, Chief Technology Officer & Board Member",https://my-pitchbook-com.libproxy.mit.edu/profile/266292-91/company/profile,AssayQuant,"Marlborough, MA",Marlborough,01752
Private Company,"Massachusetts Institute of Technology (MIT), University of California, San Francisco, University of California, Los Angeles (UCLA), University of California, Berkeley, Princeton University",https://my-pitchbook-com.libproxy.mit.edu/profile/49439-62P/person/profile,Fogel,Barry,Co-Founder & Executive Vice President,https://my-pitchbook-com.libproxy.mit.edu/profile/56781-73/company/profile,Pointright,"Cambridge, MA",Cambridge,02140
Private Company,"Boston University, Massachusetts Institute of Technology",https://my-pitchbook-com.libproxy.mit.edu/profile/329984-83P/person/profile,Feldman,Batman,"Co-Founder, Chief Technology Officer & Board Member",https://my-pitchbook-com.libproxy.mit.edu/profile/517632-40/company/profile,Pharmesol,"Newton, MA",Newton,02466
Private Company,"Massachusetts Institute of Technology (MIT), MIT (Sloan), Yale University, Cornell University",https://my-pitchbook-com.libproxy.mit.edu/profile/97285-51P/person/profile,Takizawa,Bayan,"Co-Founder, Chief Business Officer & Board Member",https://my-pitchbook-com.libproxy.mit.edu/profile/64083-79/company/profile,Continuus Pharmaceuticals,"Woburn, MA",Woburn,01801
Private Company,Massachusetts Institute of Technology (MIT),https://my-pitchbook-com.libproxy.mit.edu/profile/86852-17P/person/profile,Glass,Benjamin,"Co-Founder, Chief Executive Officer, Chief Technology Officer, President & Board Member",https://my-pitchbook-com.libproxy.mit.edu/profile/100174-78/company/profile,Altaeros,"Somerville, MA",Somerville,02143
Corporate Venture Capital,Massachusetts Institute of Technology (MIT),https://my-pitchbook-com.libproxy.mit.edu/profile/35350-75P/person/profile,Pless,Benjamin,Executive in Residence,https://my-pitchbook-com.libproxy.mit.edu/profile/118715-50/investor/profile,Mass General Brigham Innovation,"Cambridge, MA",Cambridge,02142
Private Company,"Massachusetts Institute of Technology (MIT), Boston University",https://my-pitchbook-com.libproxy.mit.edu/profile/94248-46P/person/profile,Waber,Benjamin,"Co-Founder, President & Board Member",https://my-pitchbook-com.libproxy.mit.edu/profile/109321-75/company/profile,Humanyze,"Boston, MA",Boston,02108
Private Company,"Massachusetts Institute of Technology (MIT), University of Pennsylvania (Wharton), Wellesley College",https://my-pitchbook-com.libproxy.mit.edu/profile/357524-74P/person/profile,Fendrock,Bernadette,Co-Founder & Chief Executive Officer,https://my-pitchbook-com.libproxy.mit.edu/profile/151067-17/company/profile,Cyta Therapeutics,"Lowell, MA",Lowell,01852
Private Company,Massachusetts Institute of Technology (MIT),https://my-pitchbook-com.libproxy.mit.edu/profile/248014-18P/person/profile,Cervantes,Bernardo,Chief Operating Officer & President,https://my-pitchbook-com.libproxy.mit.edu/profile/454870-18/company/profile,Concerto Biosciences,"Cambridge, MA",Cambridge,02139
Private Company,"Massachusetts Institute of Technology (MIT), MIT (Sloan), Rovira i Virgili University",https://my-pitchbook-com.libproxy.mit.edu/profile/41021-29P/person/profile,Ollie,Bernat,"Co-Founder, Chief Executive Officer & Board Member",https://my-pitchbook-com.libproxy.mit.edu/profile/55264-42/company/profile,Vedanta Biosciences,"Cambridge, MA",Cambridge,02139
Private Company,Massachusetts Institute of Technology,https://my-pitchbook-com.libproxy.mit.edu/profile/237660-58P/person/profile,Zimmermann,Bernhard,Co-Founder & Chief Technology Officer,https://my-pitchbook-com.libproxy.mit.edu/profile/280328-59/company/profile,149 Medical,"Worcester, MA",Worcester,01605
Private Company,"Massachusetts Institute of Technology (MIT), University of St. Gallen",https://my-pitchbook-com.libproxy.mit.edu/profile/36627-85P/person/profile,Hein,Bettina,Founder & Board Member,https://my-pitchbook-com.libproxy.mit.edu/profile/51606-82/company/profile,Pixability,"Boston, MA",Boston,02114
Private Company,"Massachusetts Institute of Technology, Massachusetts Institute of Technology (MIT), Rutgers University, New Brunswick",https://my-pitchbook-com.libproxy.mit.edu/profile/304716-16P/person/profile,Kannan,Bharath,"Co-Founder, Chief Executive Officer & Board Member",https://my-pitchbook-com.libproxy.mit.edu/profile/498223-63/company/profile,Atlantic Quantum,"Cambridge, MA",Cambridge,02140
Private Company,"Harvard University, Massachusetts Institute of Technology (MIT)",https://my-pitchbook-com.libproxy.mit.edu/profile/313480-00P/person/profile,Kaleem,Bilal,"Co-Founder, Managing Partner & Co-Chief Investment Officer",https://my-pitchbook-com.libproxy.mit.edu/profile/320906-71/company/profile,Hoopoe Advisors,"Boston, MA",Boston,02118
Private Company,"Massachusetts Institute of Technology (MIT), Tsinghua University",https://my-pitchbook-com.libproxy.mit.edu/profile/139715-20P/person/profile,Lu,Bin,"Co-Founder, Chief Technology Officer & Board Member",https://my-pitchbook-com.libproxy.mit.edu/profile/162201-88/company/profile,Finwave,"Waltham, MA",Waltham,02452
Private Company,Massachusetts Institute of Technology (MIT),https://my-pitchbook-com.libproxy.mit.edu/profile/230923-72P/person/profile,Sparrman,Bjorn,Co-Founder & Chief Technology Officer,https://my-pitchbook-com.libproxy.mit.edu/profile/435478-96/company/profile,RLP.,"Boston, MA",Boston,
Private Company,Massachusetts Institute of Technology (MIT),https://my-pitchbook-com.libproxy.mit.edu/profile/149645-44P/person/profile,DeWitt,Blair,Co-Founder & Chief Executive Officer,https://my-pitchbook-com.libproxy.mit.edu/profile/167983-21/company/profile,Lunar Station,"Cambridge, MA",Cambridge,02142
Private Company,Massachusetts Institute of Technology (MIT),https://my-pitchbook-com.libproxy.mit.edu/profile/44346-16P/person/profile,Sessions,Blake,"Co-Founder, Chief Technology Officer & Board Member",https://my-pitchbook-com.libproxy.mit.edu/profile/55623-61/company/profile,RISE Robotics,"Somerville, MA",Somerville,02143
Private Company,"Carnegie Mellon University, Massachusetts Institute of Technology (MIT)",https://my-pitchbook-com.libproxy.mit.edu/profile/130905-73P/person/profile,Lipchin,Boris,Co-Founder & Chief Executive Officer,https://my-pitchbook-com.libproxy.mit.edu/profile/231493-51/company/profile,Brio (Laboratory Services (Healthcare)),"Somerville, MA",Somerville,02143
Private Company,MIT (Sloan),https://my-pitchbook-com.libproxy.mit.edu/profile/213193-45P/person/profile,Sternfield,Brett,Co-Founder & Chief Executive Officer,https://my-pitchbook-com.libproxy.mit.edu/profile/327907-72/company/profile,Ocular Technologies,"Cambridge, MA",Cambridge,02142
Private Company,"Massachusetts Institute of Technology (MIT), University of Delaware, Newark",https://my-pitchbook-com.libproxy.mit.edu/profile/39888-28P/person/profile,Baynes,Brian,"Co-Founder, Board Member, Chief Executive Officer and President",https://my-pitchbook-com.libproxy.mit.edu/profile/433864-54/company/profile,Verdox,"Woburn, MA",Woburn,01801
Private Company,"Massachusetts Institute of Technology (MIT), Harvard University",https://my-pitchbook-com.libproxy.mit.edu/profile/216596-62P/person/profile,Fiske,Brian,"Co-Founder, Chief Scientific Officer & Board Member",https://my-pitchbook-com.libproxy.mit.edu/profile/343417-51/company/profile,Mythic Therapeutics,"Waltham, MA",Waltham,02453
Private Company,"MIT (Sloan), University of Wisconsin",https://my-pitchbook-com.libproxy.mit.edu/profile/122903-65P/person/profile,Hess,Brian,"Co-Founder, Chief Executive Officer, President, & Board Member",https://my-pitchbook-com.libproxy.mit.edu/profile/149614-39/company/profile,RevBio,"Lowell, MA",Lowell,01854
Private Company,Massachusetts Institute of Technology,https://my-pitchbook-com.libproxy.mit.edu/profile/109705-24P/person/profile,Miller,Brian,"Co-Founder, Chief Executive Officer, President, & Board Member",https://my-pitchbook-com.libproxy.mit.edu/profile/121784-95/company/profile,Sentien,"Lexington, MA",Lexington,02421
Private Company,"MIT (Sloan), Brown University",https://my-pitchbook-com.libproxy.mit.edu/profile/102234-07P/person/profile,Singer,Brian,"Co-Founder, President, Board Member & Chief Product Officer",https://my-pitchbook-com.libproxy.mit.edu/profile/437043-88/company/profile,Nobl9,"Boston, MA",Boston,02116
Private Company,Massachusetts Institute of Technology (MIT),https://my-pitchbook-com.libproxy.mit.edu/profile/252453-43P/person/profile,Hunter-Jones,Bridget,"Co-Founder, Chief Executive Officer & Board Member",https://my-pitchbook-com.libproxy.mit.edu/profile/458552-80/company/profile,The Pact,"Boston, MA",Boston,02127
Private Company,"Duke University, MIT (Sloan)",https://my-pitchbook-com.libproxy.mit.edu/profile/158923-09P/person/profile,Greenfield,Brittany,Founder & Chief Executive Officer,https://my-pitchbook-com.libproxy.mit.edu/profile/457168-96/company/profile,Wabbi,"Boston, MA",Boston,02116
Private Company,Massachusetts Institute of Technology (MIT),https://my-pitchbook-com.libproxy.mit.edu/profile/191983-15P/person/profile,Stanley,Byron,Co-Founder & Chief Technology Officer,https://my-pitchbook-com.libproxy.mit.edu/profile/231227-20/company/profile,GPR,"Somerville, MA",Somerville,02143
Private Company,"MIT (Sloan), Purdue University, West Lafayette",https://my-pitchbook-com.libproxy.mit.edu/profile/203169-34P/person/profile,Savran,Çağrı,"Founder, Chief Executive Officer, President, Principal Investigator & Board Member",https://my-pitchbook-com.libproxy.mit.edu/profile/266180-59/company/profile,Savran Technologies,"Newton, MA",Newton,02458
Private Company,Massachusetts Institute of Technology (MIT),https://my-pitchbook-com.libproxy.mit.edu/profile/214809-31P/person/profile,Zaman,Cagri,Co-Founder,https://my-pitchbook-com.libproxy.mit.edu/profile/340857-91/company/profile,Mediate,"Cambridge, MA",Cambridge,02141
Private Company,Massachusetts Institute of Technology (MIT),https://my-pitchbook-com.libproxy.mit.edu/profile/284621-86P/person/profile,Lai,Caida,Co-Founder & Chief Executive Officer,https://my-pitchbook-com.libproxy.mit.edu/profile/484737-49/company/profile,METiS Therapeutics,"Cambridge, MA",Cambridge,02140
Private Company,"Massachusetts Institute of Technology, University of Toronto",https://my-pitchbook-com.libproxy.mit.edu/profile/228512-71P/person/profile,Nehme,Carl,"Co-Founder, Chief Operating Officer, CPO and President",https://my-pitchbook-com.libproxy.mit.edu/profile/434493-01/company/profile,Goodpath,"Cambridge, MA",Cambridge,02141
Private Company,"Harvard Business School, Massachusetts Institute of Technology (MIT)",https://my-pitchbook-com.libproxy.mit.edu/profile/152455-69P/person/profile,Baldwin,Carliss,Co-Founder & Advisor,https://my-pitchbook-com.libproxy.mit.edu/profile/168980-32/company/profile,Silverthread,"Boston, MA",Boston,02114
Private Company,Massachusetts Institute of Technology (MIT),https://my-pitchbook-com.libproxy.mit.edu/profile/45508-24P/person/profile,Cashman,Carlos,Co-Founder & Board Member,https://my-pitchbook-com.libproxy.mit.edu/profile/266344-84/company/profile,Thrasio,"Walpole, MA",Walpole,02081
Venture Capital,"MIT (Sloan), Duke University",https://my-pitchbook-com.libproxy.mit.edu/profile/31742-74P/person/profile,Roberts,Carmichael,Co-Founder & Managing Partner,https://my-pitchbook-com.libproxy.mit.edu/profile/149803-12/investor/profile,Material Impact Fund,"Boston, MA",Boston,02116
Private Company,Massachusetts Institute of Technology (MIT),https://my-pitchbook-com.libproxy.mit.edu/profile/200753-29P/person/profile,Zeng,Catherine,Co-Founder,https://my-pitchbook-com.libproxy.mit.edu/profile/484731-01/company/profile,Flairr (Social/Platform Software),"Brighton, MA",Brighton,02135
Private Company,"Massachusetts Institute of Technology, Yonsei University",https://my-pitchbook-com.libproxy.mit.edu/profile/300111-67P/person/profile,Choi,Chanyeol,Co-Founder & Chief Executive Officer,https://my-pitchbook-com.libproxy.mit.edu/profile/495826-66/company/profile,Wecover Platforms,"Cambridge, MA",Cambridge,02139
Private Company,Massachusetts Institute of Technology (MIT),https://my-pitchbook-com.libproxy.mit.edu/profile/103015-36P/person/profile,Sims,Charles,Co-Founder & Chief Executive Officer,https://my-pitchbook-com.libproxy.mit.edu/profile/107953-93/company/profile,Wise Systems,"Cambridge, MA",Cambridge,02140
Private Company,"École nationale supérieure des mines de Paris, Massachusetts Institute of Technology (MIT)",https://my-pitchbook-com.libproxy.mit.edu/profile/205403-95P/person/profile,Clerget,Charles-Henri,"Co-Founder, Chief Operating Officer & Board Member",https://my-pitchbook-com.libproxy.mit.edu/profile/267563-26/company/profile,Amplified Industries,"Somerville, MA",Somerville,02143
Private Company,Massachusetts Institute of Technology (MIT),https://my-pitchbook-com.libproxy.mit.edu/profile/248014-36P/person/profile,Ackerman,Cheri,"Co-Founder, Chief Executive Officer & Board Member",https://my-pitchbook-com.libproxy.mit.edu/profile/454870-18/company/profile,Concerto Biosciences,"Cambridge, MA",Cambridge,02139
Private Company,Massachusetts Institute of Technology (MIT),https://my-pitchbook-com.libproxy.mit.edu/profile/105978-97P/person/profile,Ezeaka,Chidubem,"Co-Founder, Chief Product Officer & Co-Chief Technology Officer",https://my-pitchbook-com.libproxy.mit.edu/profile/97699-42/company/profile,BevSpot,"Boston, MA",Boston,02109
Private Company,"MIT (Sloan), George Washington University, University of Scranton",https://my-pitchbook-com.libproxy.mit.edu/profile/52268-59P/person/profile,Klacko,Christian,"Co-Founder, President & Chief Operating Officer",https://my-pitchbook-com.libproxy.mit.edu/profile/51699-88/company/profile,Micronotes,"Boston, MA",Boston,02109
Private Company,"MIT (Sloan), University of Texas, Austin",https://my-pitchbook-com.libproxy.mit.edu/profile/81048-70P/person/profile,Marcus,Christine,Co-Founder & Chief Executive Officer,https://my-pitchbook-com.libproxy.mit.edu/profile/98076-52/company/profile,Alchemista,"Boston, MA",Boston,02211
Placement Agent (Fundraising),"Babson College, MIT (Sloan)",https://my-pitchbook-com.libproxy.mit.edu/profile/157481-20P/person/profile,Patrinos,Christine,Partner,https://my-pitchbook-com.libproxy.mit.edu/profile/10133-47/advisor/profile,Monument Group,"Boston, MA",Boston,02116
Private Company,"MIT (Sloan), Harvard University",https://my-pitchbook-com.libproxy.mit.edu/profile/40204-18P/person/profile,Antunes,Christopher,Co-Founder & Co-Chief Executive Officer,https://my-pitchbook-com.libproxy.mit.edu/profile/53856-73/company/profile,3Play Media,"Cambridge, MA",Cambridge,02140
Private Company,"Massachusetts Institute of Technology (MIT), University of Connecticut, Storrs",https://my-pitchbook-com.libproxy.mit.edu/profile/131661-91P/person/profile,Cacioppo,Christopher,Co-Founder & Chief Technology Officer,https://my-pitchbook-com.libproxy.mit.edu/profile/129040-93/company/profile,6 River Systems,"Waltham, MA",Waltham,02452
Private Company,Massachusetts Institute of Technology (MIT),https://my-pitchbook-com.libproxy.mit.edu/profile/49677-22P/person/profile,Herot,Christopher,"Co-Founder, Chief Executive Officer, President & Board Member",https://my-pitchbook-com.libproxy.mit.edu/profile/57090-43/company/profile,SBR Health,"Cambridge, MA",Cambridge,02142
Private Company,"MIT (Sloan), Saint Anselm College",https://my-pitchbook-com.libproxy.mit.edu/profile/287301-52P/person/profile,Tinsley,Christopher,Co-Founder and Chief Executive Officer,https://my-pitchbook-com.libproxy.mit.edu/profile/489812-23/company/profile,ShopMy,"Boston, MA",Boston,
Private Company,"Harvard University, Massachusetts Institute of Technology",https://my-pitchbook-com.libproxy.mit.edu/profile/322802-20P/person/profile,Traweek,Claire,"Co-Founder, Chief Product Officer & Board Member",https://my-pitchbook-com.libproxy.mit.edu/profile/492676-03/company/profile,Amira Health,"Cambridge, MA",Cambridge,
Private Company,"Harvard University, MIT (Sloan)",https://my-pitchbook-com.libproxy.mit.edu/profile/276843-25P/person/profile,Yuan,Clark,"Co-Founder, Chief Executive Officer & Board Member",https://my-pitchbook-com.libproxy.mit.edu/profile/481868-02/company/profile,Stitch3D,"Boston, MA",Boston,02118
Private Company,"Stanford University, Harvard Business School, Massachusetts Institute of Technology (MIT)",https://my-pitchbook-com.libproxy.mit.edu/profile/35117-83P/person/profile,Reid,Clifford,"Co-Founder, Chief Executive Officer & Board Member",https://my-pitchbook-com.libproxy.mit.edu/profile/231392-89/company/profile,Travera,"Medford, MA",Medford,02155
Public Company,Massachusetts Institute of Technology (MIT),https://my-pitchbook-com.libproxy.mit.edu/profile/43357-51P/person/profile,Angle,Colin,Chief Executive Officer & Chairman,https://my-pitchbook-com.libproxy.mit.edu/profile/13286-08/company/profile,iRobot,"Bedford, MA",Bedford,01730
Private Company,"Massachusetts Institute of Technology, Trinity College",https://my-pitchbook-com.libproxy.mit.edu/profile/253029-70P/person/profile,Walsh,Conor,Co-Founder,https://my-pitchbook-com.libproxy.mit.edu/profile/489242-71/company/profile,Imago Rehab,"Woburn, MA",Woburn,01801
Private Company,Massachusetts Institute of Technology (MIT),https://my-pitchbook-com.libproxy.mit.edu/profile/290523-43P/person/profile,Giallourakis,Cosmas,Interim President & Chief Scientific Officer,https://my-pitchbook-com.libproxy.mit.edu/profile/519428-98/company/profile,Stylus Medicine,"Boston, MA",Boston,02116
Private Company,Massachusetts Institute of Technology (MIT),https://my-pitchbook-com.libproxy.mit.edu/profile/174401-02P/person/profile,Cheney,Craig,Co-Founder & Chief Technology Officer,https://my-pitchbook-com.libproxy.mit.edu/profile/458552-80/company/profile,The Pact,"Boston, MA",Boston,02127
Private Company,"Massachusetts Institute of Technology (MIT), University of Massachusetts, Amherst",https://my-pitchbook-com.libproxy.mit.edu/profile/170757-37P/person/profile,Gardner,Craig,Founder & President,https://my-pitchbook-com.libproxy.mit.edu/profile/172820-08/company/profile,Coventry Associates,"Shrewsbury, MA",Shrewsbury,01545
Private Company,"University of Alberta, Massachusetts Institute of Technology (MIT)",https://my-pitchbook-com.libproxy.mit.edu/profile/221206-15P/person/profile,Shaoul,Cyrus,Co-Founder and Chief Executive Officer,https://my-pitchbook-com.libproxy.mit.edu/profile/416557-36/company/profile,Leela.ai,"Newton, MA",Newton,02460
Private Company,Massachusetts Institute of Technology,https://my-pitchbook-com.libproxy.mit.edu/profile/249975-73P/person/profile,Thomas,Dale,"Co-Founder, Chief Technology Officer, President & Board Member",https://my-pitchbook-com.libproxy.mit.edu/profile/458472-07/company/profile,Mytide Therapeutics,"Boston, MA",Boston,02210
Private Company,Massachusetts Institute of Technology (MIT),https://my-pitchbook-com.libproxy.mit.edu/profile/93314-53P/person/profile,Isla,Damian,Co-Founder & Creative Director,https://my-pitchbook-com.libproxy.mit.edu/profile/108125-56/company/profile,The Molasses Flood,"Cambridge, MA",Cambridge,02459
Venture Capital,Massachusetts Institute of Technology (MIT),https://my-pitchbook-com.libproxy.mit.edu/profile/58238-56P/person/profile,Balsan,Damien,Co-Founder & General Partner,https://my-pitchbook-com.libproxy.mit.edu/profile/264830-59/investor/profile,Conexo Ventures,"Boston, MA",Boston,
Private Company,"Harvard Business School, Massachusetts Institute of Technology (MIT), University of Miami",https://my-pitchbook-com.libproxy.mit.edu/profile/243225-28P/person/profile,Mirica,Dan,"Founder, Chief Executive Officer & Managing Partner",https://my-pitchbook-com.libproxy.mit.edu/profile/442463-68/company/profile,Health Vector,"Newton, MA",Newton,02459
Private Company,MIT (Sloan),https://my-pitchbook-com.libproxy.mit.edu/profile/242351-74P/person/profile,Carballo,Daniel,Co-Founder & Chief Executive Officer,https://my-pitchbook-com.libproxy.mit.edu/profile/439862-05/company/profile,Encora Therapeutics,"Boston, MA",Boston,
Private Company,Massachusetts Institute of Technology (MIT),https://my-pitchbook-com.libproxy.mit.edu/profile/257656-87P/person/profile,Housman,Daniel,Co-Founder & Chief Executive Officer,https://my-pitchbook-com.libproxy.mit.edu/profile/463282-39/company/profile,Courage Therapeutics,"Newton, MA",Newton,02459
Private Company,"Massachusetts Institute of Technology (MIT), Tecnológico de Monterrey (Monterrey Institute of Technology)",https://my-pitchbook-com.libproxy.mit.edu/profile/94249-72P/person/profile,Olguin,Daniel,"Co-Founder, Chief Operating Officer & Chief Financial Officer",https://my-pitchbook-com.libproxy.mit.edu/profile/109321-75/company/profile,Humanyze,"Boston, MA",Boston,02108
Private Company,"Lehigh University, Massachusetts Institute of Technology (MIT)",https://my-pitchbook-com.libproxy.mit.edu/profile/152454-79P/person/profile,Sturtevant,Daniel,"Co-Founder, Chief Executive Officer & Board Member",https://my-pitchbook-com.libproxy.mit.edu/profile/168980-32/company/profile,Silverthread,"Boston, MA",Boston,02114
Private Company,"Massachusetts Institute of Technology, Bates College",https://my-pitchbook-com.libproxy.mit.edu/profile/84109-69P/person/profile,Vannoni,Daniel,Co-Founder & Chairman,https://my-pitchbook-com.libproxy.mit.edu/profile/99276-94/company/profile,Novopyxis,"Cambridge, MA",Cambridge,02142
Private Company,Massachusetts Institute of Technology (MIT),https://my-pitchbook-com.libproxy.mit.edu/profile/72349-57P/person/profile,Fatovic,Danko,Co-Founder,https://my-pitchbook-com.libproxy.mit.edu/profile/64832-05/company/profile,Erecruit Holdings,"Boston, MA",Boston,02109
Private Company,"University of Oxford, Massachusetts Institute of Technology (MIT)",https://my-pitchbook-com.libproxy.mit.edu/profile/99533-08P/person/profile,Prather,Darcy,"Co-Founder, Chief Executive Officer, President & Board Member",https://my-pitchbook-com.libproxy.mit.edu/profile/99302-14/company/profile,Kalion,"Milton, MA",Milton,02186
Private Company,"Massachusetts Institute of Technology (MIT), University of Texas, Austin",https://my-pitchbook-com.libproxy.mit.edu/profile/179197-21P/person/profile,Bunandar,Darius,Co-Founder & Chief Scientist,https://my-pitchbook-com.libproxy.mit.edu/profile/224352-73/company/profile,Lightmatter,"Boston, MA",Boston,02110
Private Company,"Massachusetts Institute of Technology (MIT), University of Pittsburgh",https://my-pitchbook-com.libproxy.mit.edu/profile/62550-10P/person/profile,Irvine,Darrell,Co-Founder,https://my-pitchbook-com.libproxy.mit.edu/profile/437762-80/company/profile,Ankyra,"Cambridge, MA",Cambridge,02142
Private Company,"MIT (Sloan), University of Michigan, Ann Arbor",https://my-pitchbook-com.libproxy.mit.edu/profile/109989-73P/person/profile,Nelson,Dave,"Co-Founder, Chief Operating Officer & Board Member",https://my-pitchbook-com.libproxy.mit.edu/profile/93165-94/company/profile,QMedic,"Boston, MA",Boston,02108
Public Company,"Harvard University, Massachusetts Institute of Technology (MIT)",https://my-pitchbook-com.libproxy.mit.edu/profile/13740-58P/person/profile,Berry,David,Board Member,https://my-pitchbook-com.libproxy.mit.edu/profile/235229-59/company/profile,Omega Therapeutics (Former),"Cambridge, MA",Cambridge,02142
Private Company,Massachusetts Institute of Technology (MIT),https://my-pitchbook-com.libproxy.mit.edu/profile/44280-55P/person/profile,Blundin,David,Chairman of board,https://my-pitchbook-com.libproxy.mit.edu/profile/519232-33/company/profile,Datalign Advisory,"Cambridge, MA",Cambridge,02139
Private Company,"Massachusetts Institute of Technology (MIT), Queen's University",https://my-pitchbook-com.libproxy.mit.edu/profile/41450-14P/person/profile,Bradwell,David,"Co-Founder, Chief Technology Officer & Senior Vice President",https://my-pitchbook-com.libproxy.mit.edu/profile/54537-94/company/profile,Ambri,"Marlborough, MA",Marlborough,01752
Private Company,Massachusetts Institute of Technology (MIT),https://my-pitchbook-com.libproxy.mit.edu/profile/113997-25P/person/profile,Couto,David,Co-Founder,https://my-pitchbook-com.libproxy.mit.edu/profile/103147-48/company/profile,Sonabos Technologies,"Cambridge, MA",Cambridge,02139
Private Company,Massachusetts Institute of Technology,https://my-pitchbook-com.libproxy.mit.edu/profile/193932-37P/person/profile,Dunand,David,Co-Founder,https://my-pitchbook-com.libproxy.mit.edu/profile/233137-27/company/profile,NanoAl,"Ashland, MA",Ashland,01721
Private Company,Massachusetts Institute of Technology (MIT),https://my-pitchbook-com.libproxy.mit.edu/profile/101320-93P/person/profile,Gandy,David,Co-Founder & President,https://my-pitchbook-com.libproxy.mit.edu/profile/101588-50/company/profile,Fort Awesome,"Boston, MA",Boston,
Private Company,"Hendrix College, Massachusetts Institute of Technology (MIT), Washington University in St. Louis",https://my-pitchbook-com.libproxy.mit.edu/profile/229563-82P/person/profile,Hagan,David,"Co-Founder, Chief Executive Officer & Board Member",https://my-pitchbook-com.libproxy.mit.edu/profile/434917-90/company/profile,QuantAQ,"Somerville, MA",Somerville,02143
Private Company,Massachusetts Institute of Technology (MIT),https://my-pitchbook-com.libproxy.mit.edu/profile/245957-68P/person/profile,Kuller,David,Co-Founder & Chief Executive Officer,https://my-pitchbook-com.libproxy.mit.edu/profile/453362-50/company/profile,Airgo,"Boston, MA",Boston,02116
Private Company,Massachusetts Institute of Technology (MIT),https://my-pitchbook-com.libproxy.mit.edu/profile/22919-32P/person/profile,Lee,David,Co-Founder & Board Member,https://my-pitchbook-com.libproxy.mit.edu/profile/494584-03/company/profile,Precision Healing (Decision/Risk Analysis),"Newton, MA",Newton,02458
Private Company,"Massachusetts Institute of Technology (MIT), MIT (Sloan), University of Washington, Seattle",https://my-pitchbook-com.libproxy.mit.edu/profile/48081-61P/person/profile,Linders,David,"Co-Founder, Chief Technology Officer & Board Member",https://my-pitchbook-com.libproxy.mit.edu/profile/56453-59/company/profile,Podimetrics,"Somerville, MA",Somerville,02144
Private Company,"MIT (Sloan), Harvard University",https://my-pitchbook-com.libproxy.mit.edu/profile/127661-59P/person/profile,Mazza,David,Co-Founder & Board Member,https://my-pitchbook-com.libproxy.mit.edu/profile/327380-50/company/profile,Splitspot,"Boston, MA",Boston,02110
Private Company,MIT (Sloan),https://my-pitchbook-com.libproxy.mit.edu/profile/173871-46P/person/profile,Morczinek,David,Co-Founder & Chief Executive Officer,https://my-pitchbook-com.libproxy.mit.edu/profile/221982-40/company/profile,AirWorks,"Boston, MA",Boston,02114
Private Company,Massachusetts Institute of Technology (MIT),https://my-pitchbook-com.libproxy.mit.edu/profile/265233-25P/person/profile,Orozco,David,Co-Founder & Chief Technology Officer,https://my-pitchbook-com.libproxy.mit.edu/profile/467629-39/company/profile,Extrasense Technologies,"Watertown, MA",Watertown,02472
Private Company,Massachusetts Institute of Technology (MIT),https://my-pitchbook-com.libproxy.mit.edu/profile/56960-11P/person/profile,Raulet,David,Co-Founder & Member of Scientific Advisory Board,https://my-pitchbook-com.libproxy.mit.edu/profile/181015-21/company/profile,Dragonfly (Biotechnology),"Waltham, MA",Waltham,02451
Private Company,"Massachusetts Institute of Technology (MIT), University of Illinois, Urbana-Champaign, Politecnico di Torino",https://my-pitchbook-com.libproxy.mit.edu/profile/94597-75P/person/profile,Smith,David,"Co-Founder, President & Chief Technology Officer",https://my-pitchbook-com.libproxy.mit.edu/profile/61694-56/company/profile,LiquiGlide,"Cambridge, MA",Cambridge,02139
Private Company,"MIT (Sloan), Tufts University",https://my-pitchbook-com.libproxy.mit.edu/profile/164781-64P/person/profile,Solomont,David,"Founder, Chief Executive Officer & Chairman",https://my-pitchbook-com.libproxy.mit.edu/profile/182010-79/company/profile,ev Transportation Services,"Brookline, MA",Brookline,02446
Private Company,Massachusetts Institute of Technology (MIT),https://my-pitchbook-com.libproxy.mit.edu/profile/114569-29P/person/profile,Tenenbaum,David,Chief Executive Officer,https://my-pitchbook-com.libproxy.mit.edu/profile/124459-57/company/profile,MerlinOne,"Braintree, MA",Braintree,02184
Private Company,"Harvard Medical School, Massachusetts Institute of Technology (MIT)",https://my-pitchbook-com.libproxy.mit.edu/profile/102573-64P/person/profile,Ting,David,Co-Founder,https://my-pitchbook-com.libproxy.mit.edu/profile/463956-49/company/profile,TellBio,"West Newbury, MA",West Newbury,01985
Private Company,"Stony Brook University (SUNY), Massachusetts Institute of Technology (MIT), University of Michigan, Ann Arbor",https://my-pitchbook-com.libproxy.mit.edu/profile/44293-06P/person/profile,Walt,David,Co-Founder & Board Member,https://my-pitchbook-com.libproxy.mit.edu/profile/181726-21/company/profile,Arbor Biotechnologies,"Cambridge, MA",Cambridge,02140
Private Company,Massachusetts Institute of Technology (MIT),https://my-pitchbook-com.libproxy.mit.edu/profile/79994-44P/person/profile,Whitlock,David,Co-Founder,https://my-pitchbook-com.libproxy.mit.edu/profile/97072-03/company/profile,AOBiome Therapeutics,"Cambridge, MA",Cambridge,02138
Private Company,Massachusetts Institute of Technology,https://my-pitchbook-com.libproxy.mit.edu/profile/315819-82P/person/profile,Yamnitsky,David,Co-Founder,https://my-pitchbook-com.libproxy.mit.edu/profile/506911-42/company/profile,Tangram,"Boston, MA",Boston,02116
Private Company,"Columbia University, Stanford University, Massachusetts Institute of Technology (MIT)",https://my-pitchbook-com.libproxy.mit.edu/profile/123843-88P/person/profile,Zapol,David,Co-Founder & Strategic Advisor,https://my-pitchbook-com.libproxy.mit.edu/profile/150271-93/company/profile,Third Pole Therapeutics,"Waltham, MA",Waltham,02452
Private Company,Massachusetts Institute of Technology (MIT),https://my-pitchbook-com.libproxy.mit.edu/profile/38978-11P/person/profile,Marini,Davide,"Co-Founder, Chief Executive Officer and Board Member",https://my-pitchbook-com.libproxy.mit.edu/profile/166132-18/company/profile,Inkbit,"Medford, MA",Medford,02155
Private Company,"Massachusetts Institute of Technology (MIT), Georgetown University",https://my-pitchbook-com.libproxy.mit.edu/profile/94571-83P/person/profile,Warnick,Derek,Co-Founder & Chief Financial Officer,https://my-pitchbook-com.libproxy.mit.edu/profile/469018-90/company/profile,Electric Hydrogen,"Natick, MA",Natick,01760
Private Company,"MIT (Sloan), Pitzer College",https://my-pitchbook-com.libproxy.mit.edu/profile/38508-04P/person/profile,Kinkead,Devon,"Co-Founder, Chief Executive Officer & Board Member",https://my-pitchbook-com.libproxy.mit.edu/profile/51699-88/company/profile,Micronotes,"Boston, MA",Boston,02109
Private Company,Massachusetts Institute of Technology (MIT),https://my-pitchbook-com.libproxy.mit.edu/profile/159697-90P/person/profile,Villegas,Diego,"Co-Founder, Chief Executive Officer & Board Member",https://my-pitchbook-com.libproxy.mit.edu/profile/154196-02/company/profile,Slang,"Boston, MA",Boston,02109
Private Company,Massachusetts Institute of Technology,https://my-pitchbook-com.libproxy.mit.edu/profile/133099-66P/person/profile,Bertsimas,Dimitris,"Co-Founder, Chief Data Scientist & Board Member",https://my-pitchbook-com.libproxy.mit.edu/profile/157307-05/company/profile,Benefits Science,"Boston, MA",Boston,02108
Private Company,Massachusetts Institute of Technology (MIT),https://my-pitchbook-com.libproxy.mit.edu/profile/220072-87P/person/profile,Trivedi,Dipali,"Co-Founder, Chief Technology Officer, Head of Product & Board Member",https://my-pitchbook-com.libproxy.mit.edu/profile/264602-53/company/profile,Everyday Life Insurance,"Andover, MA",Andover,01810
Private Company,Massachusetts Institute of Technology (MIT),https://my-pitchbook-com.libproxy.mit.edu/profile/287646-04P/person/profile,DeAngelis,Douglas,"Founder, President, Treasurer & Chief Technology Officer",https://my-pitchbook-com.libproxy.mit.edu/profile/141687-01/company/profile,Lynx System Developers,"Haverhill, MA",Haverhill,01835
Private Company,"Massachusetts Institute of Technology (MIT), U.S. Military Academy, West Point",https://my-pitchbook-com.libproxy.mit.edu/profile/76662-28P/person/profile,Hoon,Douglas,Co-Founder & Chief Technology Officer,https://my-pitchbook-com.libproxy.mit.edu/profile/384716-08/company/profile,Cometeer,"Gloucester, MA",Gloucester,01930
Private Company,Massachusetts Institute of Technology (MIT),https://my-pitchbook-com.libproxy.mit.edu/profile/165015-37P/person/profile,Dennison,Drew,Chief Executive Officer & Chairman,https://my-pitchbook-com.libproxy.mit.edu/profile/490669-66/company/profile,AI Proteins,"Boston, MA",Boston,02215
Private Company,"Massachusetts Institute of Technology (MIT), Case Western Reserve University",https://my-pitchbook-com.libproxy.mit.edu/profile/230693-59P/person/profile,Weibel,Drew,Co-Founder & Chief Technology Officer,https://my-pitchbook-com.libproxy.mit.edu/profile/122731-21/company/profile,Specter Aerospace,"Middleton, MA",Middleton,01949
Private Company,Massachusetts Institute of Technology,https://my-pitchbook-com.libproxy.mit.edu/profile/172441-09P/person/profile,Sword,Duane,"Co-Founder, Chief Business Officer & Board Member",https://my-pitchbook-com.libproxy.mit.edu/profile/495927-73/company/profile,CytoTronics,"Boston, MA",Boston,02118
Private Company,"MIT (Sloan), Boston University, Georgetown University",https://my-pitchbook-com.libproxy.mit.edu/profile/56844-82P/person/profile,Madden,Dulcie,Co-Founder & Chief Executive Officer,https://my-pitchbook-com.libproxy.mit.edu/profile/533445-58/company/profile,Dig Energy,"Cambridge, MA",Cambridge,
Private Company,"MIT (Sloan), Tecnológico de Monterrey (Monterrey Institute of Technology)",https://my-pitchbook-com.libproxy.mit.edu/profile/52412-05P/person/profile,Alvarez,Eduardo,Co-Founder & Chief Executive Officer,https://my-pitchbook-com.libproxy.mit.edu/profile/229888-99/company/profile,MagNet Analytics,"Lexington, MA",Lexington,02420
Private Company,"MIT (Sloan), Stanford University, Columbia University",https://my-pitchbook-com.libproxy.mit.edu/profile/80160-94P/person/profile,Acworth,Edward,Co-Founder & Chief Executive Officer,https://my-pitchbook-com.libproxy.mit.edu/profile/124849-00/company/profile,Insightfil,"Boston, MA",Boston,02210
Private Company,Massachusetts Institute of Technology (MIT),https://my-pitchbook-com.libproxy.mit.edu/profile/35496-82P/person/profile,Crawley,Edward,Co-Founder & Chairman of Board of Directors,https://my-pitchbook-com.libproxy.mit.edu/profile/55089-37/company/profile,Ekotrope,"Boston, MA",Boston,02115
Public Company,"Massachusetts Institute of Technology (MIT), University of Virginia",https://my-pitchbook-com.libproxy.mit.edu/profile/111842-83P/person/profile,Hallen,Edward,"Co-Founder, Chief Product Officer & Board Member",https://my-pitchbook-com.libproxy.mit.edu/profile/85669-30/company/profile,Klaviyo,"Boston, MA",Boston,02110-1641
Private Company,Massachusetts Institute of Technology (MIT),https://my-pitchbook-com.libproxy.mit.edu/profile/135759-34P/person/profile,Obropta,Edward,"Co-Founder, Chief Technology Officer & Board Member",https://my-pitchbook-com.libproxy.mit.edu/profile/154645-39/company/profile,Raptor Maps,"Somerville, MA",Somerville,02143
Private Company,"Harvard Medical School, Massachusetts Institute of Technology (MIT)",https://my-pitchbook-com.libproxy.mit.edu/profile/22250-98P/person/profile,Edelman,Elazer,Scientific Co-Founder,https://my-pitchbook-com.libproxy.mit.edu/profile/115052-32/company/profile,PanTher Therapeutics,"Cambridge, MA",Cambridge,02139
Private Company,"Harvard University, Massachusetts Institute of Technology (MIT)",https://my-pitchbook-com.libproxy.mit.edu/profile/136761-31P/person/profile,Cunningham,Emily,Co-Founder & Chief Operating Officer,https://my-pitchbook-com.libproxy.mit.edu/profile/129628-72/company/profile,True Moringa,"Cambridge, MA",Cambridge,02139
Private Company,"MIT (Sloan), Emory University",https://my-pitchbook-com.libproxy.mit.edu/profile/122918-50P/person/profile,Malina,Emily,"Co-Founder, President & Board Member",https://my-pitchbook-com.libproxy.mit.edu/profile/117238-51/company/profile,Spoiler Alert,"Boston, MA",Boston,02116
Private Company,"Massachusetts Institute of Technology (MIT), Massachusetts Institute of Technology",https://my-pitchbook-com.libproxy.mit.edu/profile/231021-19P/person/profile,Kasseris,Emmanuel,Co-Founder & Chief Executive Officer,https://my-pitchbook-com.libproxy.mit.edu/profile/465727-24/company/profile,Emvolon,"Woburn, MA",Woburn,01801
Private Company,MIT (Sloan),https://my-pitchbook-com.libproxy.mit.edu/profile/270174-43P/person/profile,Kaminski,Erez,"Co-Founder, Chief Executive Officer, President & Board Member",https://my-pitchbook-com.libproxy.mit.edu/profile/470724-76/company/profile,Ketryx,"Somerville, MA",Somerville,02144
Private Company,"Massachusetts Institute of Technology, Hampshire College",https://my-pitchbook-com.libproxy.mit.edu/profile/212257-54P/person/profile,Graber-Lopez,Eric,Co-Founder & Board Member,https://my-pitchbook-com.libproxy.mit.edu/profile/236880-01/company/profile,BlueWave (Boston),"Boston, MA",Boston,02116
Private Company,"Massachusetts Institute of Technology, University of Colorado, Boulder",https://my-pitchbook-com.libproxy.mit.edu/profile/203343-94P/person/profile,Sugalski,Eric,Founder & Chief Executive Officer,https://my-pitchbook-com.libproxy.mit.edu/profile/266567-59/company/profile,Archimedic,"Waltham, MA",Waltham,02451
Private Company,"Massachusetts Institute of Technology (MIT), Stanford University",https://my-pitchbook-com.libproxy.mit.edu/profile/42850-90P/person/profile,Weiss,Eric,"Co-Founder, Chief Technology Officer & Board Member",https://my-pitchbook-com.libproxy.mit.edu/profile/113819-95/company/profile,Radial Analytics,"Concord, MA",Concord,01742
Private Company,Massachusetts Institute of Technology (MIT),https://my-pitchbook-com.libproxy.mit.edu/profile/205438-96P/person/profile,Duhaime,Erik,"Co-Founder, Chief Executive Officer, President & Board Member",https://my-pitchbook-com.libproxy.mit.edu/profile/267692-14/company/profile,Centaur Labs,"Boston, MA",Boston,02108
Private Company,"Boston University, Massachusetts Institute of Technology (MIT)",https://my-pitchbook-com.libproxy.mit.edu/profile/82884-07P/person/profile,Angle,Erika,"Co-Founder, Chief Executive Officer, President & Board Member",https://my-pitchbook-com.libproxy.mit.edu/profile/97623-28/company/profile,Ixcela,"Bedford, MA",Bedford,01730
Private Company,MIT (Sloan),https://my-pitchbook-com.libproxy.mit.edu/profile/212737-60P/person/profile,Gaxha,Ernesto,Co-Founder & Board Member,https://my-pitchbook-com.libproxy.mit.edu/profile/327380-50/company/profile,Splitspot,"Boston, MA",Boston,02110
Private Company,MIT (Sloan),https://my-pitchbook-com.libproxy.mit.edu/profile/309242-35P/person/profile,Bernard,Etienne,Co-Founder & Chief Executive Officer,https://my-pitchbook-com.libproxy.mit.edu/profile/501533-29/company/profile,NuMind,"Cambridge, MA",Cambridge,
Private Company,Massachusetts Institute of Technology (MIT),https://my-pitchbook-com.libproxy.mit.edu/profile/165013-66P/person/profile,Efstathiou,Evangelos,Co-Founder & Chief Executive Officer,https://my-pitchbook-com.libproxy.mit.edu/profile/489729-34/company/profile,B&V,"Boston, MA",Boston,02109
Private Company,Massachusetts Institute of Technology (MIT),https://my-pitchbook-com.libproxy.mit.edu/profile/229133-89P/person/profile,Farzadfard,Fahim,"Co-Founder, Chief Technology Officer, President & Board Member",https://my-pitchbook-com.libproxy.mit.edu/profile/434732-23/company/profile,MarchTx,"Cambridge, MA",Cambridge,02142
Private Company,Massachusetts Institute of Technology (MIT),https://my-pitchbook-com.libproxy.mit.edu/profile/276226-66P/person/profile,Wu,Faye,Co-Founder & Chief Technology Officer,https://my-pitchbook-com.libproxy.mit.edu/profile/481608-82/company/profile,Manus Robotics,"Lexington, MA",Lexington,02421
Private Company,"Massachusetts Institute of Technology, Technical University of Munich, University of California, Berkeley",https://my-pitchbook-com.libproxy.mit.edu/profile/199938-97P/person/profile,Hillen,Florian,"Co-Founder, Chief Executive Officer, President & Board Member",https://my-pitchbook-com.libproxy.mit.edu/profile/264833-20/company/profile,VideaHealth,"Cambridge, MA",Cambridge,02139
Private Company,"Massachusetts Institute of Technology (MIT), University of Oklahoma, Norman",https://my-pitchbook-com.libproxy.mit.edu/profile/198237-70P/person/profile,Gibbard,Frank,Co-Founder & Senior Advisor,https://my-pitchbook-com.libproxy.mit.edu/profile/236823-04/company/profile,Wattjoule,"Devens, MA",Devens,01434
Public Company,"Harvard University, Massachusetts Institute of Technology (MIT)",https://my-pitchbook-com.libproxy.mit.edu/profile/15708-07P/person/profile,Laukien,Frank,"Chief Executive Officer, President & Chairman",https://my-pitchbook-com.libproxy.mit.edu/profile/11892-43/company/profile,Bruker,"Billerica, MA",Billerica,01821
Private Company,Massachusetts Institute of Technology (MIT),https://my-pitchbook-com.libproxy.mit.edu/profile/209695-78P/person/profile,Ausubel,Frederick,"Co-Founder, Interim Chief Scientific Officer, President & Board Member",https://my-pitchbook-com.libproxy.mit.edu/profile/279603-73/company/profile,Artus Therapeutics,"Boston, MA",Boston,02111
Private Company,"Massachusetts Institute of Technology, Carnegie Mellon University",https://my-pitchbook-com.libproxy.mit.edu/profile/107939-80P/person/profile,Goff,Fredrick,"Co-Founder, Board Member, President & Chief Executive Officer",https://my-pitchbook-com.libproxy.mit.edu/profile/120142-99/company/profile,Jobcase,"Cambridge, MA",Cambridge,02139
Private Company,"MIT (Sloan), Texas Tech University",https://my-pitchbook-com.libproxy.mit.edu/profile/43156-81P/person/profile,Frashier,Gary,Board Member,https://my-pitchbook-com.libproxy.mit.edu/profile/227155-42/company/profile,LikeMinds (Diagnostic Equipment),"Boston, MA",Boston,02115
Private Company,"Harvard University, MIT (Sloan)",https://my-pitchbook-com.libproxy.mit.edu/profile/187289-29P/person/profile,Oni,Genevieve,"Co-Founder, Chief Financial Officer & Board Member",https://my-pitchbook-com.libproxy.mit.edu/profile/229610-89/company/profile,MDaaS Global,"Cambridge, MA",Cambridge,02140
Venture Capital,"Massachusetts Institute of Technology (MIT), University of California, San Diego",https://my-pitchbook-com.libproxy.mit.edu/profile/39892-78P/person/profile,von Maltzahn,Geoffrey,General Partner,https://my-pitchbook-com.libproxy.mit.edu/profile/11262-52/investor/profile,Flagship Pioneering,"Cambridge, MA",Cambridge,02142
Private Company,"Stanford University, Massachusetts Institute of Technology (MIT)",https://my-pitchbook-com.libproxy.mit.edu/profile/36715-51P/person/profile,Candea,George,Co-Founder & Board Observer,https://my-pitchbook-com.libproxy.mit.edu/profile/163371-25/company/profile,Cyberhaven,"Boston, MA",Boston,02111
Private Company,"Harvard Medical School, Massachusetts Institute of Technology (MIT), Harvard University",https://my-pitchbook-com.libproxy.mit.edu/profile/13619-71P/person/profile,Daley,George,Co-Founder,https://my-pitchbook-com.libproxy.mit.edu/profile/160579-09/company/profile,Redona Therapeutics,"Watertown, MA",Watertown,02472
Private Company,Massachusetts Institute of Technology (MIT),https://my-pitchbook-com.libproxy.mit.edu/profile/176481-28P/person/profile,Herzlinger,George,Founder & President,https://my-pitchbook-com.libproxy.mit.edu/profile/183171-52/company/profile,Belmont Medical Technologies,"Billerica, MA",Billerica,01821
Private Company,Massachusetts Institute of Technology,https://my-pitchbook-com.libproxy.mit.edu/profile/107022-52P/person/profile,Kenney,George,"Co-Founder, President & Chief Executive Officer",https://my-pitchbook-com.libproxy.mit.edu/profile/86484-61/company/profile,EntraTympanic,"Medfield, MA",Medfield,02052
Private Company,"Katholieke Universiteit Leuven (KU Leuven, University of Leuven), Massachusetts Institute of Technology (MIT)",https://my-pitchbook-com.libproxy.mit.edu/profile/198245-98P/person/profile,Paulus,Geraldine,Co-Founder & Vice President of Corporate Development and Operations,https://my-pitchbook-com.libproxy.mit.edu/profile/503403-13/company/profile,Crossbow Therapeutics,"Cambridge, MA",Cambridge,02138
Private Company,Massachusetts Institute of Technology (MIT),https://my-pitchbook-com.libproxy.mit.edu/profile/235234-27P/person/profile,Grigoryan,Gevorg,Co-Founder & Chief Technology Officer,https://my-pitchbook-com.libproxy.mit.edu/profile/437041-00/company/profile,Generate Biomedicines,"Cambridge, MA",Cambridge,02143
Private Company,Massachusetts Institute of Technology (MIT),https://my-pitchbook-com.libproxy.mit.edu/profile/54363-43P/person/profile,Amarasiriwardena,Gihan,"Co-Founder, Executive Chairman, Engineer, Co-Chief Executive Officer, President & Board Member",https://my-pitchbook-com.libproxy.mit.edu/profile/59218-48/company/profile,Ministry of Supply,"Boston, MA",Boston,02116
Private Company,Massachusetts Institute of Technology (MIT),https://my-pitchbook-com.libproxy.mit.edu/profile/96683-14P/person/profile,Zacharia,Giorgos,Co-Founder & Board Member,https://my-pitchbook-com.libproxy.mit.edu/profile/112233-88/company/profile,Insurify,"Cambridge, MA",Cambridge,02142
Private Company,"Harvard University, MIT (Sloan)",https://my-pitchbook-com.libproxy.mit.edu/profile/173269-09P/person/profile,Srivastava,Gitika,"Co-Founder, Chief Executive Officer, President and Board Member",https://my-pitchbook-com.libproxy.mit.edu/profile/186899-14/company/profile,Navya (Decision/Risk Analysis),"Cambridge, MA",Cambridge,02142
Private Company,"Massachusetts Institute of Technology (MIT), Massachusetts Institute of Technology",https://my-pitchbook-com.libproxy.mit.edu/profile/317551-60P/person/profile,Gunnison,Grant,Founder & Chief Executive Officer,https://my-pitchbook-com.libproxy.mit.edu/profile/465311-89/company/profile,Zero (Real Estate Services (B2C)),"Cambridge, MA",Cambridge,02138
Private Company,"Massachusetts Institute of Technology (MIT), Dartmouth College",https://my-pitchbook-com.libproxy.mit.edu/profile/125519-77P/person/profile,Allen,Grayson,"Co-Founder, Chief Operations Officer, Chief Financial Officer & Board Member",https://my-pitchbook-com.libproxy.mit.edu/profile/149614-39/company/profile,RevBio,"Lowell, MA",Lowell,01854
Private Company,Massachusetts Institute of Technology (MIT),https://my-pitchbook-com.libproxy.mit.edu/profile/46580-59P/person/profile,Harman,Gregory,Co-Founder & Chief Technology Officer,https://my-pitchbook-com.libproxy.mit.edu/profile/436618-18/company/profile,Jaxon.AI,"Boston, MA",Boston,02115
Private Company,Massachusetts Institute of Technology (MIT),https://my-pitchbook-com.libproxy.mit.edu/profile/36245-53P/person/profile,Lambrecht,Gregory,"Co-Founder, Board Member & Executive Director",https://my-pitchbook-com.libproxy.mit.edu/profile/51330-88/company/profile,Barricaid,"Woburn, MA",Woburn,01801
Private Company,"Harvard University, Massachusetts Institute of Technology (MIT)",https://my-pitchbook-com.libproxy.mit.edu/profile/40452-76P/person/profile,Horvitz,H. Robert,Co-Founder & Board Observer,https://my-pitchbook-com.libproxy.mit.edu/profile/61409-89/company/profile,KEW (Biotechnology),"Auburndale, MA",Auburndale,02466
Private Company,Massachusetts Institute of Technology (MIT),https://my-pitchbook-com.libproxy.mit.edu/profile/185096-17P/person/profile,Nawab,Hamid,"Co-Founder, Chief Scientist/Technology Advisor and Board Member",https://my-pitchbook-com.libproxy.mit.edu/profile/228469-96/company/profile,Yobe,"Boston, MA",Boston,02108
Private Company,Massachusetts Institute of Technology (MIT),https://my-pitchbook-com.libproxy.mit.edu/profile/317430-28P/person/profile,Hsu,Harry,Co-Founder & Chief Technology Officer,https://my-pitchbook-com.libproxy.mit.edu/profile/507385-81/company/profile,Hashgreen,"Cambridge, MA",Cambridge,02139
Private Company,Massachusetts Institute of Technology,https://my-pitchbook-com.libproxy.mit.edu/profile/321781-33P/person/profile,Rein,Harry,Co-Founder and Chief Technology Officer,https://my-pitchbook-com.libproxy.mit.edu/profile/489812-23/company/profile,ShopMy,"Boston, MA",Boston,
Private Company,"Harvard Business School, Massachusetts Institute of Technology, KTH Royal Institute of Technology",https://my-pitchbook-com.libproxy.mit.edu/profile/138177-64P/person/profile,Shiode,Haruumi,Co-Founder & Chief Executive Officer,https://my-pitchbook-com.libproxy.mit.edu/profile/161423-02/company/profile,Nature,"Boston, MA",Boston,
Private Company,"Massachusetts Institute of Technology (MIT), MIT (Sloan), Ohio State University, Columbus",https://my-pitchbook-com.libproxy.mit.edu/profile/307302-49P/person/profile,Cohen,Harvey,Co- Founder & President,https://my-pitchbook-com.libproxy.mit.edu/profile/500942-71/company/profile,Strategy Analytics (Massachusetts),"Needham, MA",Needham,02494
Private Company,Massachusetts Institute of Technology (MIT),https://my-pitchbook-com.libproxy.mit.edu/profile/119076-85P/person/profile,Tamayo,Hasier,"Co-Founder, Chief Executive Officer & Board Member",https://my-pitchbook-com.libproxy.mit.edu/profile/125784-91/company/profile,Ori,"Boston, MA",Boston,02210
Private Company,"MIT (Sloan), Cornell University",https://my-pitchbook-com.libproxy.mit.edu/profile/174860-38P/person/profile,Echaniz,Hector,"Co-Founder, Advisor & Board Member",https://my-pitchbook-com.libproxy.mit.edu/profile/222407-74/company/profile,EasyPak,"Leominster, MA",Leominster,01453
Private Company,"Brown University, Harvard Business School, Massachusetts Institute of Technology (MIT)",https://my-pitchbook-com.libproxy.mit.edu/profile/207650-17P/person/profile,Wyle,Heidi,"Co-Founder, Chief Executive Officer & Chairman",https://my-pitchbook-com.libproxy.mit.edu/profile/266241-70/company/profile,Venti Technologies,"Weston, MA",Weston,02493-1535
Private Company,Massachusetts Institute of Technology (MIT),https://my-pitchbook-com.libproxy.mit.edu/profile/219464-11P/person/profile,Fleischmann,Henriette,"Co-Founder, Chief Executive Officer, Chief Financial Officer, Chief Operating Officer, President & Board Member",https://my-pitchbook-com.libproxy.mit.edu/profile/181335-79/company/profile,Hosta a.i.,"Boston, MA",Boston,02111
Private Company,Massachusetts Institute of Technology (MIT),https://my-pitchbook-com.libproxy.mit.edu/profile/221206-96P/person/profile,Minsky,Henry,Co-Founder and Chief Technology Officer,https://my-pitchbook-com.libproxy.mit.edu/profile/416557-36/company/profile,Leela.ai,"Newton, MA",Newton,02460
Venture Capital,"MIT (Sloan), Ohio State University, Columbus",https://my-pitchbook-com.libproxy.mit.edu/profile/194105-53P/person/profile,For that,Hok,Principal,https://my-pitchbook-com.libproxy.mit.edu/profile/11262-52/investor/profile,Flagship Pioneering,"Cambridge, MA",Cambridge,02142
Private Company,"Massachusetts Institute of Technology (MIT), Nanyang Technological University",https://my-pitchbook-com.libproxy.mit.edu/profile/195321-07P/person/profile,Meng,Huaiyu,Co-Founder & Chief Technology Officer,https://my-pitchbook-com.libproxy.mit.edu/profile/225236-89/company/profile,Lightelligence,"Boston, MA",Boston,02108
Private Company,"Massachusetts Institute of Technology (MIT), McGill University",https://my-pitchbook-com.libproxy.mit.edu/profile/125774-38P/person/profile,Elasaad,Huda,Co-Founder,https://my-pitchbook-com.libproxy.mit.edu/profile/168919-48/company/profile,Change:WATER,"Cambridge, MA",Cambridge,02138
Private Company,MIT (Sloan),https://my-pitchbook-com.libproxy.mit.edu/profile/187892-20P/person/profile,Gilmer,Hudson,"Co-Founder, Chief Executive Officer, Board Member & President",https://my-pitchbook-com.libproxy.mit.edu/profile/229546-99/company/profile,LineVision,"Somerville, MA",Somerville,02143
Private Company,Massachusetts Institute of Technology (MIT),https://my-pitchbook-com.libproxy.mit.edu/profile/306418-87P/person/profile,Nguyen,Hung,Co-Founder & Director of Therapeutics Development,https://my-pitchbook-com.libproxy.mit.edu/profile/500558-77/company/profile,Window Therapeutics,"Boston, MA",Boston,02125
Private Company,Massachusetts Institute of Technology (MIT),https://my-pitchbook-com.libproxy.mit.edu/profile/167521-42P/person/profile,Haddad,Ihsan,"Founder & Advisor, Products",https://my-pitchbook-com.libproxy.mit.edu/profile/183777-58/company/profile,Clearline MD,"Woburn, MA",Woburn,01801
Private Company,"Harvard University, Massachusetts Institute of Technology (MIT), Middle East Technical University (METU)",https://my-pitchbook-com.libproxy.mit.edu/profile/83303-92P/person/profile,As,Help,"Co-Founder, Chief Executive Officer, President & Board Member",https://my-pitchbook-com.libproxy.mit.edu/profile/82615-78/company/profile,Arcbazar.com,"Boston, MA",Boston,02116
Private Company,Massachusetts Institute of Technology,https://my-pitchbook-com.libproxy.mit.edu/profile/315821-26P/person/profile,Tromba,Isabella,Co-Founder,https://my-pitchbook-com.libproxy.mit.edu/profile/506911-42/company/profile,Tangram,"Boston, MA",Boston,02116
Private Company,"Massachusetts Institute of Technology (MIT), University of Illinois, Urbana-Champaign",https://my-pitchbook-com.libproxy.mit.edu/profile/205698-34P/person/profile,Becraft,Jacob,"Co-Founder, Chief Executive Officer & Board Member",https://my-pitchbook-com.libproxy.mit.edu/profile/267693-67/company/profile,Strand Therapeutics,"Cambridge, MA",Cambridge,02139
Private Company,"Harvard Medical School, Massachusetts Institute of Technology (MIT)",https://my-pitchbook-com.libproxy.mit.edu/profile/277451-74P/person/profile,Donoghue,Jacob,"Co-Founder, Chief Executive Officer, President & Board Member",https://my-pitchbook-com.libproxy.mit.edu/profile/482110-57/company/profile,Beacon Biosignals,"Boston, MA",Boston,02114
Private Company,"Massachusetts Institute of Technology (MIT), Johns Hopkins University",https://my-pitchbook-com.libproxy.mit.edu/profile/44204-32P/person/profile,Einhorn,Jacob,Co-Founder & Chief Technology Officer,https://my-pitchbook-com.libproxy.mit.edu/profile/51330-88/company/profile,Barricaid,"Woburn, MA",Woburn,01801
Private Company,"Massachusetts Institute of Technology (MIT), Colgate University",https://my-pitchbook-com.libproxy.mit.edu/profile/303303-88P/person/profile,Guglin,Jacob,"Co-Founder, Chief Executive Officer & Board Member",https://my-pitchbook-com.libproxy.mit.edu/profile/497682-46/company/profile,Foundation Alloy,"Cambridge, MA",Cambridge,02139
Private Company,"Massachusetts Institute of Technology, University of Virginia",https://my-pitchbook-com.libproxy.mit.edu/profile/223665-31P/person/profile,Kohn,Jacob,"Co-Founder, Chief Operations Officer & Chief Financial Officer",https://my-pitchbook-com.libproxy.mit.edu/profile/264288-88/company/profile,Bandhu,"Boston, MA",Boston,
Private Company,"MIT (Sloan), University of South Africa, University of Stellenbosch",https://my-pitchbook-com.libproxy.mit.edu/profile/108135-64P/person/profile,Pretorius,Jacob,"Co-Founder, Chief Technology Officer & Board Member",https://my-pitchbook-com.libproxy.mit.edu/profile/119394-19/company/profile,Tessolar,"Lexington, MA",Lexington,02420
Venture Capital,"Massachusetts Institute of Technology (MIT), Washington University in St. Louis",https://my-pitchbook-com.libproxy.mit.edu/profile/143402-95P/person/profile,Rubens,Jacob,Senior Principal,https://my-pitchbook-com.libproxy.mit.edu/profile/11262-52/investor/profile,Flagship Pioneering,"Cambridge, MA",Cambridge,02142
Private Company,"University of Massachusetts, Amherst, Massachusetts Institute of Technology (MIT)",https://my-pitchbook-com.libproxy.mit.edu/profile/15561-28P/person/profile,Broderick,James,"Co-Founder, Chief Executive Officer, President & Board Member",https://my-pitchbook-com.libproxy.mit.edu/profile/162273-88/company/profile,Palleon Pharmaceuticals,"Waltham, MA",Waltham,02451
Private Company,"MIT (Sloan), University of California, Los Angeles (UCLA), University of Texas, Austin",https://my-pitchbook-com.libproxy.mit.edu/profile/13086-19P/person/profile,Geshwiler,James,"Co-Founder, Senior Vice President of Marketing and Policy & Chief Investment Officer",https://my-pitchbook-com.libproxy.mit.edu/profile/266382-46/company/profile,Catalyze,"Marlborough, MA",Marlborough,01752
Private Company,"Furman University, Massachusetts Institute of Technology (MIT)",https://my-pitchbook-com.libproxy.mit.edu/profile/147740-59P/person/profile,Harper,James,Co-Founder & Chief Strategy Officer,https://my-pitchbook-com.libproxy.mit.edu/profile/156657-25/company/profile,Sonde,"Boston, MA",Boston,02116
Private Company,Massachusetts Institute of Technology (MIT),https://my-pitchbook-com.libproxy.mit.edu/profile/219359-71P/person/profile,Herman,James,Co-Founder & Board Member,https://my-pitchbook-com.libproxy.mit.edu/profile/398986-66/company/profile,SeaTrac,"Marblehead, MA",Marblehead,01945
Private Company,Massachusetts Institute of Technology (MIT),https://my-pitchbook-com.libproxy.mit.edu/profile/38274-76P/person/profile,Heywood,James,"Co-Founder, Chief Executive Officer and Chairman",https://my-pitchbook-com.libproxy.mit.edu/profile/536969-62/company/profile,Alden Scientific (Biotechnology),"Cambridge, MA",Cambridge,02142
Private Company,Massachusetts Institute of Technology (MIT),https://my-pitchbook-com.libproxy.mit.edu/profile/44478-73P/person/profile,Swartz,James,Co-Founder,https://my-pitchbook-com.libproxy.mit.edu/profile/54284-32/company/profile,GreenLight Biosciences,"Lexington, MA",Lexington,02421-3102
Private Company,"Harvard University, MIT (Sloan)",https://my-pitchbook-com.libproxy.mit.edu/profile/210838-78P/person/profile,Fordyce,Jamie,Co-Founder and Managing Director,https://my-pitchbook-com.libproxy.mit.edu/profile/234759-43/company/profile,East Light Partners,"Cambridge, MA",Cambridge,02139
Venture Capital,"Harvard Business School, Massachusetts Institute of Technology (MIT)",https://my-pitchbook-com.libproxy.mit.edu/profile/13716-37P/person/profile,Goldstein,Jamie,Co-Founder and Partner,https://my-pitchbook-com.libproxy.mit.edu/profile/157710-16/investor/profile,Pillar VC,"Boston, MA",Boston,02116
Private Company,"Massachusetts Institute of Technology (MIT), University of California, San Diego",https://my-pitchbook-com.libproxy.mit.edu/profile/248014-54P/person/profile,Kehe,Jared,"Co-Founder, Chief Scientific Officer, Chief Strategy Officer & Board Member",https://my-pitchbook-com.libproxy.mit.edu/profile/454870-18/company/profile,Concerto Biosciences,"Cambridge, MA",Cambridge,02139
Private Company,Massachusetts Institute of Technology (MIT),https://my-pitchbook-com.libproxy.mit.edu/profile/183218-32P/person/profile,Aganovic,Jasmine,Founder & Chief Executive Officer,https://my-pitchbook-com.libproxy.mit.edu/profile/471430-63/company/profile,Arcaea,"Boston, MA",Boston,02210
Private Company,"Massachusetts Institute of Technology (MIT), Wentworth Institute of Technology",https://my-pitchbook-com.libproxy.mit.edu/profile/213198-67P/person/profile,Abrahams,Jason,"Founder, Chief Executive Officer, Board Member and President",https://my-pitchbook-com.libproxy.mit.edu/profile/327560-68/company/profile,TireTutor,"Brookline, MA",Brookline,02445
Private Company,"Massachusetts Institute of Technology (MIT), University of North Carolina, Chapel Hill",https://my-pitchbook-com.libproxy.mit.edu/profile/154628-20P/person/profile,Norris,Jason,Co-Founder & Board Member,https://my-pitchbook-com.libproxy.mit.edu/profile/510692-50/company/profile,Lapix Therapeutics,"Boston, MA",Boston,02110
Private Company,"Harvard Business School, Massachusetts Institute of Technology (MIT)",https://my-pitchbook-com.libproxy.mit.edu/profile/252700-30P/person/profile,Echenique,Javier,Co-Founder & Chief Executive Officer,https://my-pitchbook-com.libproxy.mit.edu/profile/459645-49/company/profile,General Prognostics,"Boston, MA",Boston,02109
Private Company,MIT (Sloan),https://my-pitchbook-com.libproxy.mit.edu/profile/212814-73P/person/profile,Ramos,Javier,"Co-Founder, Executive Vice President of R&D & Director of Hardware",https://my-pitchbook-com.libproxy.mit.edu/profile/166132-18/company/profile,Inkbit,"Medford, MA",Medford,02155
Private Company,"University of Pennsylvania, Massachusetts Institute of Technology (MIT)",https://my-pitchbook-com.libproxy.mit.edu/profile/43178-05P/person/profile,Caplan,Jay,"Co-Founder, President & Board Member",https://my-pitchbook-com.libproxy.mit.edu/profile/54808-93/company/profile,Fractyl Health,"Lexington, MA",Lexington,02421
Private Company,"MIT (Sloan), Indian Institute of Technology, Kharagpur",https://my-pitchbook-com.libproxy.mit.edu/profile/121213-36P/person/profile,Ramadorai,Jay,"Co-Founder, Executive Vice President & Chief Technology Officer",https://my-pitchbook-com.libproxy.mit.edu/profile/54657-91/company/profile,Burst (Business/Productivity Software),"Boston, MA",Boston,02110
Private Company,Massachusetts Institute of Technology (MIT),https://my-pitchbook-com.libproxy.mit.edu/profile/370352-80P/person/profile,Cole,Jeff,Co-Founder & Chief Operating Officer,https://my-pitchbook-com.libproxy.mit.edu/profile/536969-62/company/profile,Alden Scientific (Biotechnology),"Cambridge, MA",Cambridge,02142
Private Company,Massachusetts Institute of Technology,https://my-pitchbook-com.libproxy.mit.edu/profile/332667-01P/person/profile,Palms,Jeff,Co-Founder & Chief Technology Officer,https://my-pitchbook-com.libproxy.mit.edu/profile/499908-61/company/profile,Causal Labs,"Boston, MA",Boston,02130
Private Company,"Harvard University, Massachusetts Institute of Technology (MIT)",https://my-pitchbook-com.libproxy.mit.edu/profile/275641-93P/person/profile,Saturdays,Jeff,"Co-Founder, President & Board Member",https://my-pitchbook-com.libproxy.mit.edu/profile/481417-30/company/profile,HubbleTX,"Boston, MA",Boston,
Private Company,"Harvard University, Massachusetts Institute of Technology (MIT), MIT (Sloan)",https://my-pitchbook-com.libproxy.mit.edu/profile/43641-01P/person/profile,Behrens,Jeffrey,"Founder, Co-Owner, Board Member & Advisor",https://my-pitchbook-com.libproxy.mit.edu/profile/482419-54/company/profile,LabShares Newton,"Newton, MA",Newton,02458
Private Company,"Massachusetts Institute of Technology (MIT), McGill University, University of Toronto",https://my-pitchbook-com.libproxy.mit.edu/profile/57678-13P/person/profile,Karp,Jeffrey,Founder,https://my-pitchbook-com.libproxy.mit.edu/profile/494373-34/company/profile,Karp lab,"Boston, MA",Boston,02115
Private Company,Massachusetts Institute of Technology (MIT),https://my-pitchbook-com.libproxy.mit.edu/profile/175505-50P/person/profile,McAulay,Jeffrey,"Co-Founder, Chief Executive Officer, Chief Operating Officer & Board Member",https://my-pitchbook-com.libproxy.mit.edu/profile/184082-05/company/profile,Energetic Insurance,"Boston, MA",Boston,02110