Company Name,Last Financing Date,Financing Status,Current Year,Year Founded,Headquarters,Years Since Founding,Relation to MIT,Checked By
Rendever,"Expected
05-Jan-2024",Later Stage VC,2023,2015,"Somerville, MA",8,MIT deltaV,Fiona
Continuus Pharmaceuticals,"Expected
01-Oct-2023",Later Stage VC,2023,2012,"Woburn, MA",11,Co-Founder worked for Novartis-MIT Center,VB
InnoCan Pharma (CNQ: INNO),25-Jul-23,PIPE,2023,2018,¬†,5,N/A review again,VB
GreenLight Biosciences,24-Jul-23,Buyout/LBO,2023,2008,"Lexington, MA",15,Co-Founder is Alum and works for Sloan,VB
Vaxess Technologies,21-Jul-23,Later Stage VC,2023,2011,"Cambridge, MA",12,The Engine Startup Accelerator,VB
WalkWise,19-Jul-23,Later Stage VC,2023,2016,"Fargo, ND",7,Co-Founder is Alum ,VB
Ageless Innovation,18-Jul-23,Later Stage VC,2023,2018,"Pawtucket, RI",5,Co-Founder is Alum,VB
Frequency Therapeutics (NAS: FREQ),14-Jul-23,Merger/Acquisition,2023,2015,"Lexington, MA",8,Co-Founder is Alum,VB
1200 Pharma,1-Jul-23,Later Stage VC,2023,2017,"Culver City, CA",6,N/A review again,VB
CVS Health (NYS: CVS),30-Jun-23,Debt - General,2023,1963,"Woonsocket, RI",60,,
Intensity Therapeutics (NAS: INTS),30-Jun-23,IPO,2023,2012,"Westport, CT",11,Founder is MIT Alum,VB
Star Therapeutics,30-Jun-23,Later Stage VC,2023,2018,"San Francisco, CA",5,Founder is MIT Alum,VB
Sigilon Therapeutics (NAS: SGTX),29-Jun-23,Merger/Acquisition,2023,2015,"Cambridge, MA",8,,
Univercells Technologies,29-Jun-23,Merger/Acquisition,2023,2013,"Nivelles, Belgium",10,,
Brisk Health,26-Jun-23,Early Stage VC,2023,2020,"Denver, CO",3,,
Boragen,22-Jun-23,Later Stage VC,2023,2015,"Durham, NC",8,,
Aledade,21-Jun-23,Later Stage VC,2023,2014,"Bethesda, MD",9,,
Empress.,21-Jun-23,Early Stage VC,2023,2020,"Cambridge, MA",3,,
IconOVir Bio,21-Jun-23,Early Stage VC,2023,2018,"San Diego, CA",5,,
Cloud DX (TSX: CDX),20-Jun-23,PIPE,2023,2014,"Kitchener, Canada",9,,
Turbine,20-Jun-23,Later Stage VC,2023,2015,"London, United Kingdom",8,,
Replay (Drug Discovery),16-Jun-23,Early Stage VC,2023,2020,"San Diego, CA",3,,
Theradaptive,15-Jun-23,Later Stage VC,2023,2016,"Frederick, MD",7,,
Akselos,13-Jun-23,Later Stage VC,2023,2012,"Lausanne, Switzerland",11,,
Outcomes4me,9-Jun-23,Later Stage VC,2023,2017,"Boston, MA",6,,
Ultivue,8-Jun-23,Later Stage VC,2023,2015,"Cambridge, MA",8,,
Invistics,7-Jun-23,Merger/Acquisition,2023,1999,"Peachtree, GA",24,,
Lyndra Therapeutics,7-Jun-23,Later Stage VC,2023,2015,"Watertown, MA",8,,
Alkeus Pharmaceuticals,5-Jun-23,Later Stage VC,2023,2010,"Cambridge, MA",13,,
Diligent Robotics,1-Jun-23,Later Stage VC,2023,2017,"Austin, TX",6,,
Elicio Therapeutics (NAS: ELTX),1-Jun-23,Reverse Merger,2023,2011,"Boston, MA",12,,
Lyra Therapeutics (NAS: LYRA),1-Jun-23,Equity Crowdfunding,2023,2018,"Seattle, WA",5,,
,1-Jun-23,PIPE,2023,2005,"Watertown, MA",18,,
Revelle Aesthetics,1-Jun-23,PE Growth/Expansion,2023,2018,"Mountain View, CA",5,,
Manus Bio,31-May-23,Later Stage VC,2023,2011,"Cambridge, MA",12,,
Osmoses,31-May-23,Grant,2023,2021,"Cambridge, MA",2,,
EOFlow (KRX: 294090),25-May-23,Merger/Acquisition,2023,2011,"Seongnam-si, South Korea",12,,
ElevateBio,24-May-23,Later Stage VC,2023,2017,"Waltham, MA",6,,
Surge Therapeutics,24-May-23,Later Stage VC,2023,2016,"Cambridge, MA",7,,
Bloomer Tech,23-May-23,Later Stage VC,2023,2015,"Cambridge, MA",8,"Co-Founders are Alum, funded/backed by many MIT affiliated programs (ex. MIT Sandbox)",GH
TISSIUM,23-May-23,Later Stage VC,2023,2013,"Paris, France",10,,
Air Protein,18-May-23,Early Stage VC,2023,2019,"Pleasanton, CA",4,,
Metaphore,16-May-23,Early Stage VC,2023,2021,"Cambridge, MA",2,,
Mirimus,10-May-23,Grant,2023,2010,"Brooklyn, NY",13,,
Benefits Science,9-May-23,Merger/Acquisition,2023,2012,"Boston, MA",11,,
Embr Labs,8-May-23,Later Stage VC,2023,2013,"Boston, MA",10,,
BiomX (ASE: PHGE),5-May-23,PIPE,2023,2015,"Ness Ziona, Israel",8,,
4D Path,3-May-23,Later Stage VC,2023,2016,"Newton, MA",7,,
Avery Digital Data,1-May-23,Seed Round,2023,2020,"San Diego, CA",3,,
NeuroGeneces,1-May-23,Accelerator/Incubator,2023,2016,"Santa Fe, NM",7,,
Neursantys,28-Apr-23,Grant,2023,¬†,"Chicago, IL",#VALUE!,,
Galen Robotics,27-Apr-23,Later Stage VC,2023,2016,"Baltimore, MD",7,,
Nutrix,27-Apr-23,Seed Round,2023,2019,"Basel, Switzerland",4,,
Multiply Labs,21-Apr-23,Later Stage VC,2023,2016,"San Francisco, CA",7,,
Shape Memory Medical,21-Apr-23,Later Stage VC,2023,2009,"Santa Clara, CA",14,,
Libra Medical,20-Apr-23,Buyout/LBO,2023,2007,"Brooklyn Park, MN",16,,
CropX,19-Apr-23,Later Stage VC,2023,2013,"Anaheim, CA",10,,
Navidea Biopharmaceuticals (ASE: NAVB),14-Apr-23,Bankruptcy: Admin/Reorg,2023,1983,"Dublin, OH",40,,
Tevard Biosciences,14-Apr-23,Early Stage VC,2023,2017,"Cambridge, MA",6,,
Barricaid,13-Apr-23,Later Stage VC,2023,2000,"Woburn, MA",23,,
OPT Industries,12-Apr-23,Debt - General,2023,2019,"Medford, MA",4,,
Etiometry,10-Apr-23,Later Stage VC,2023,2010,"Boston, MA",13,,
Rubius Therapeutics,6-Apr-23,Bankruptcy: Liquidation,2023,2013,"Cambridge, MA",10,,
Immuneering (NAS: IMRX),1-Apr-23,PIPE,2023,2008,"Cambridge, MA",15,,
Stratagen Bio,1-Apr-23,Seed Round,2023,2019,"Cambridge, MA",4,,
Zylem Biosciences,1-Apr-23,Later Stage VC,2023,2018,"Chicago, IL",5,,
Codiak BioSciences (STU: 32W),27-Mar-23,Bankruptcy: Admin/Reorg,2023,2015,"Cambridge, MA",8,,
Karuna Therapeutics (NAS: KRTX),24-Mar-23,Public Investment 2nd Offering,2023,2009,"Boston, MA",14,,
Generation Bio (NAS: GBIO),23-Mar-23,PIPE,2023,2016,"Cambridge, MA",7,,
Cognito Therapeutics,22-Mar-23,Later Stage VC,2023,2016,"Cambridge, MA",7,,
Cast21,20-Mar-23,Later Stage VC,2023,2015,"Chicago, IL",8,,
Graybug Vision,20-Mar-23,Merger/Acquisition,2023,2011,"Redwood City, CA",12,,
Amgen (NAS: AMGN),15-Mar-23,Debt - General,2023,1980,"Thousand Oaks, CA",43,,
Nanite,15-Mar-23,Early Stage VC,2023,2021,"Boston, MA",2,,
RapidSOS,13-Mar-23,Secondary Transaction - Private,2023,2012,"New York, NY",11,,
Shennon Biotechnologies,13-Mar-23,Seed Round,2023,2021,"San Francisco, CA",2,,
Ring Therapeutics,9-Mar-23,Later Stage VC,2023,2017,"Cambridge, MA",6,,
Fitnescity,8-Mar-23,Secondary Transaction - Private,2023,2019,"New York, NY",4,,
Ampersand Biomedicines,7-Mar-23,Early Stage VC,2023,2020,"Boston, MA",3,,
Savran Technologies,7-Mar-23,Later Stage VC,2023,2015,"Newton, MA",8,,
Sesen Bio,7-Mar-23,Merger/Acquisition,2023,2010,"Cambridge, MA",13,,
TCR2 Therapeutics (NAS: TCRR),6-Mar-23,Merger/Acquisition,2023,2015,"Cambridge, MA",8,,
WaveGuide (Diagnostic Equipment),3-Mar-23,Later Stage VC,2023,2012,"Waltham, MA",11,,
HealthCare Royalty Partners,27-Feb-23,Debt - General,2023,2006,"Stamford, CT",17,,
Exicure (NAS: XCUR),24-Feb-23,PIPE,2023,2011,"Chicago, IL",12,,
Imara,23-Feb-23,Merger/Acquisition,2023,2016,"Boston, MA",7,,
View Point Medical,23-Feb-23,Later Stage VC,2023,2016,"Carlsbad, CA",7,,
Curia.ai,21-Feb-23,Merger/Acquisition,2023,2018,"Washington, DC",5,,
INLAN,17-Feb-23,Seed Round,2023,2022,"Montreal, Canada",1,,
Koios Medical,17-Feb-23,Later Stage VC,2023,2012,"Chicago, IL",11,,
Transform,17-Feb-23,Merger/Acquisition,2023,¬†,"San Francisco, CA",#VALUE!,,
76Bio,14-Feb-23,Early Stage VC,2023,2020,"New York, NY",3,,
Evolus (NAS: EOLS),8-Feb-23,Secondary Transaction - Private,2023,2012,"Newport Beach, CA",11,,
LifeWalker Mobility Products,8-Feb-23,Buyout/LBO,2023,2015,"San Diego, CA",8,,
MoleculeMind,8-Feb-23,Early Stage VC,2023,2022,"Beijing, China",1,,
Teal Bio,6-Feb-23,Early Stage VC,2023,2020,"Somerville, MA",3,,
Precavida,1-Feb-23,Later Stage VC,2023,¬†,"Belo Horizonte, Brazil",#VALUE!,,
Droplet Biosciences,30-Jan-23,Seed Round,2023,2021,"Melrose, MA",2,,
E25Bio,27-Jan-23,Out of Business,2023,2018,"Cambridge, MA",5,,
CargoMetrics,24-Jan-23,Later Stage VC,2023,2010,"Boston, MA",13,,
Garuda Therapeutics,24-Jan-23,Early Stage VC,2023,2021,"Cambridge, MA",2,,
Metabolon,24-Jan-23,Later Stage VC,2023,2000,"Durham, NC",23,,
Verastem (NAS: VSTM),24-Jan-23,PIPE,2023,2010,"Needham, MA",13,,
Curtana Pharmaceuticals,23-Jan-23,Later Stage VC,2023,2013,"Austin, TX",10,,
Shenzhen Yinghe Brain Science,21-Jan-23,Seed Round,2023,2022,"Shenzhen, China",1,,
Arch Therapeutics (PINX: ARTH),18-Jan-23,PIPE,2023,2006,"Framingham, MA",17,,
SiPhox Health,18-Jan-23,Early Stage VC,2023,2020,"Burlington, MA",3,,
Fulcrum Therapeutics (NAS: FULC),17-Jan-23,Public Investment 2nd Offering,2023,2015,"Cambridge, MA",8,,
GRIT,13-Jan-23,Accelerator/Incubator,2023,2011,"Medford, MA",12,,
Medical Technology Associates,13-Jan-23,Debt - General,2023,1983,"Pinellas Park, FL",40,,
Tiba Biotech,12-Jan-23,Seed Round,2023,2016,"Cambridge, MA",7,,
EdgeMedical,11-Jan-23,IPO,2023,2017,"Shenzhen, China",6,,
Agrivida,10-Jan-23,Merger/Acquisition,2023,2003,"Boston, MA",20,,
Resilience,10-Jan-23,PE Growth/Expansion,2023,2020,"La Jolla, CA",3,,
Asimov,5-Jan-23,Later Stage VC,2023,2017,"Boston, MA",6,,
Xeno Biosciences,5-Jan-23,Later Stage VC,2023,2015,"Somerville, MA",8,,
Claria Medical,4-Jan-23,Later Stage VC,2023,2017,"Mountain View, CA",6,,
Vivan Therapeutics,3-Jan-23,Seed Round,2023,2018,"London, United Kingdom",5,,
Lilu,1-Jan-23,Grant,2023,2016,"New York, NY",7,,
Moderna,1-Jan-23,Secondary Transaction - Private,2023,1969,"Lucon, France",54,,
Seventh Sense AI,30-Dec-22,Early Stage VC,2023,2017,"Singapore, Singapore",6,,
Illumina (NAS: ILMN),29-Dec-22,Debt Refinancing,2023,1998,"San Diego, CA",25,,
EpiBone,27-Dec-22,Later Stage VC,2023,2013,"New York, NY",10,,
Kala Pharmaceuticals (NAS: KALA),27-Dec-22,PIPE,2023,2009,"Arlington, MA",14,,
PathAI,23-Dec-22,Mezzanine,2023,2016,"Boston, MA",7,,
Ribon Therapeutics,22-Dec-22,Later Stage VC,2023,2015,"Cambridge, MA",8,,
Novavax (NAS: NVAX),20-Dec-22,PIPE,2023,1987,"Gaithersburg, MD",36,,
Alto Pharmacy,19-Dec-22,Later Stage VC,2023,2015,"San Francisco, CA",8,,
Protillion Biosciences,19-Dec-22,Early Stage VC,2023,2018,"Burlingame, CA",5,,
PanTher Therapeutics,16-Dec-22,Later Stage VC,2023,2014,"Watertown, MA",9,,
Kala,14-Dec-22,Seed Round,2023,2021,"Bogota, Colombia",2,,
Allay Therapeutics,13-Dec-22,Later Stage VC,2023,2016,"San Jose, CA",7,,
Montai Health,13-Dec-22,Early Stage VC,2023,2019,"Cambridge, MA",4,,
Alio,8-Dec-22,Later Stage VC,2023,2012,"Broomfield, CO",11,,
Myomo (ASE: MYO),7-Dec-22,Public Investment 2nd Offering,2023,2004,"Cambridge, MA",19,,
EndoGastric Solutions,6-Dec-22,Later Stage VC,2023,2002,"Redmond, WA",21,,
Yumanity Therapeutics,6-Dec-22,PIPE,2023,2014,"Boston, MA",9,,
Solid Biosciences (NAS: SLDB),5-Dec-22,PIPE,2023,2013,"Charlestown, MA",10,,
CorInnova,1-Dec-22,Later Stage VC,2023,2004,"Houston, TX",19,,
HJ Science & Technology,1-Dec-22,Grant,2023,2011,"San Leandro, CA",12,,
MicrofluidX,1-Dec-22,Secondary Transaction - Private,2023,2018,"Stevenage, United Kingdom",5,,
Piction Health,1-Dec-22,Later Stage VC,2023,2017,"Boston, MA",6,,
Carmine Therapeutics,29-Nov-22,Early Stage VC,2023,2019,"Cambridge, MA",4,,
Armoire,28-Nov-22,Later Stage VC,2023,2016,"Seattle, WA",7,,
Strand Therapeutics,28-Nov-22,Later Stage VC,2023,2017,"Boston, MA",6,,
Eargo (NAS: EAR),25-Nov-22,Buyout/LBO,2023,2010,"San Jose, CA",13,,
DigiCodon(Hangzhou),22-Nov-22,Early Stage VC,2023,2021,"Hangzhou, China",2,,
Podimetrics,22-Nov-22,Debt - General,2023,2011,"Somerville, MA",12,,
Acrivon Therapeutics (NAS: ACRV),15-Nov-22,IPO,2023,2018,"Watertown, MA",5,,
Bonum Therapeutics,15-Nov-22,Early Stage VC,2023,2021,"Seattle, WA",2,,
Jnana Therapeutics,15-Nov-22,Later Stage VC,2023,2017,"Boston, MA",6,,
Perch,15-Nov-22,Merger/Acquisition,2023,2014,"Little Rock, AR",9,,
Spark,12-Nov-22,Accelerator/Incubator,2023,2019,"Accra, Ghana",4,,
Amira Health,9-Nov-22,Seed Round,2023,2020,"San Francisco, CA",3,,
Array Insights,8-Nov-22,Seed Round,2023,2017,"Philadelphia, PA",6,,
AeroShield,1-Nov-22,Seed Round,2023,2019,"Boston, MA",4,,
AppMobi,1-Nov-22,Secondary Transaction - Private,2023,2006,"Poughkeepsie, NY",17,,
Chunk Foods,1-Nov-22,Seed Round,2023,2020,"Tel Aviv, Israel",3,,
Pison,1-Nov-22,Later Stage VC,2023,2016,"Boston, MA",7,,
UpLyft,1-Nov-22,Grant,2023,2016,"San Diego, CA",7,,
Valo,28-Oct-22,Later Stage VC,2023,¬†,"Boston, MA",#VALUE!,,
Ramona,27-Oct-22,Later Stage VC,2023,2017,"Durham, NC",6,,
Konbit,24-Oct-22,Out of Business,2023,2020,"Boulder, CO",3,,
Axoft,20-Oct-22,Seed Round,2023,2021,"Cambridge, MA",2,,
Univercells,19-Oct-22,Later Stage VC,2023,2013,"Auderghem, Belgium",10,,
Mantle Biotech,14-Oct-22,Out of Business,2023,2019,"Cambridge, MA",4,,
Phononic,14-Oct-22,Later Stage VC,2023,2008,"Durham, NC",15,,
Souffl√© Therapeutics,14-Oct-22,Seed Round,2023,2022,"Newton, MA",1,,
InVivo Therapeutics (NAS: NVIV),11-Oct-22,PIPE,2023,2005,"Cambridge, MA",18,,
PureTech Health (LON: PRTC),11-Oct-22,Merger/Acquisition,2023,2001,"Boston, MA",22,,
Alleva,10-Oct-22,Later Stage VC,2023,2017,"Laguna Niguel, CA",6,,
Cellarity,4-Oct-22,Later Stage VC,2023,2017,"Somerville, MA",6,,
Supplier.ai,2-Oct-22,Out of Business,2023,2016,"Washington, DC",7,,
Elemental Machines,1-Oct-22,Later Stage VC,2023,2015,"Cambridge, MA",8,,
Juliet Marine Systems,1-Oct-22,Secondary Transaction - Private,2023,2004,"Portsmouth, NH",19,,
Alivia Analytics,29-Sep-22,PE Growth/Expansion,2023,2009,"Woburn, MA",14,,
Artaic,28-Sep-22,Grant,2023,2007,"Boston, MA",16,,
Elixirgen Therapeutics,28-Sep-22,Debt - General,2023,2012,"Baltimore, MD",11,,
SeQura,27-Sep-22,Debt - General,2023,2013,"Barcelona, Spain",10,,
Aviro Health,26-Sep-22,Accelerator/Incubator,2023,2018,"Cape Town, South Africa",5,,
Leuko,23-Sep-22,Later Stage VC,2023,2014,"Boston, MA",9,,
Neocis,23-Sep-22,Later Stage VC,2023,2009,"Miami, FL",14,,
PixarBio,22-Sep-22,Out of Business,2023,2014,"Salem, NH",9,,
Dimagi,21-Sep-22,Grant,2023,2002,"Cambridge, MA",21,,
Willow,20-Sep-22,Later Stage VC,2023,2014,"Mountain View, CA",9,,
Adherium (ASX: ADR),16-Sep-22,PIPE,2023,2001,"Thornbury, Australia",22,,
Syros Pharmaceuticals (NAS: SYRS),16-Sep-22,PIPE,2023,2011,"Cambridge, MA",12,,
Cend Therapeutics,15-Sep-22,Merger/Acquisition,2023,2015,"San Diego, CA",8,,
Harmony,15-Sep-22,Later Stage VC,2023,2009,"London, United Kingdom",14,,
Kyruus,15-Sep-22,Later Stage VC,2023,2010,"Boston, MA",13,,
MarchTx,12-Sep-22,Early Stage VC,2023,2020,"Cambridge, MA",3,,
Evestra,6-Sep-22,Grant,2023,2008,"Schertz, TX",15,,
Field Materials,1-Sep-22,Seed Round,2023,2022,"San Jose, CA",1,,
Inari,1-Sep-22,Later Stage VC,2023,2017,"Barcelona, Spain",6,,
Senex Biotechnology,1-Sep-22,Grant,2023,2002,"Columbia, SC",21,,
Zibrio,1-Sep-22,Later Stage VC,2023,2015,"Houston, TX",8,,
ProFound Therapeutics,31-Aug-22,Early Stage VC,2023,2020,"Cambridge, MA",3,,
Affera,30-Aug-22,Merger/Acquisition,2023,2014,"Newton, MA",9,,
SanPlena,24-Aug-22,Early Stage VC,2023,2021,"San Jose, CA",2,,
AmberGen,19-Aug-22,Grant,2023,1995,"Billerica, MA",28,,
Belmont Medical Technologies,19-Aug-22,Debt Refinancing,2023,1980,"Billerica, MA",43,,
Vivtex,19-Aug-22,Early Stage VC,2023,2018,"Cambridge, MA",5,,
Good Therapeutics,18-Aug-22,Merger/Acquisition,2023,2016,"Seattle, WA",7,,
ReviveMed,18-Aug-22,Secondary Transaction - Private,2023,2016,"Cambridge, MA",7,,
Syntis Bio,17-Aug-22,Seed Round,2023,2022,"Milton, MA",1,,
Cognigenics,16-Aug-22,Seed Round,2023,2019,"Eagle, ID",4,,
Moximed,16-Aug-22,Later Stage VC,2023,2007,"Fremont, CA",16,,
Orna Therapeutics,16-Aug-22,Early Stage VC,2023,2019,"Cambridge, MA",4,,
Senda Biosciences,16-Aug-22,Later Stage VC,2023,2017,"Cambridge, MA",6,,
Kaliber AI,15-Aug-22,Later Stage VC,2023,2015,"San Francisco, CA",8,,
PlenOptika,15-Aug-22,Seed Round,2023,2012,"Cambridge, MA",11,,
Epizyme,12-Aug-22,Merger/Acquisition,2023,2007,"Cambridge, MA",16,,
Acoustic Wells,10-Aug-22,Seed Round,2023,2019,"Somerville, MA",4,,
Bevi,9-Aug-22,Later Stage VC,2023,2013,"Boston, MA",10,,
Empatica,2-Aug-22,Later Stage VC,2023,2011,"Cambridge, MA",12,,
Aimoto,1-Aug-22,Secondary Transaction - Private,2023,2010,"Moscow, Russia",13,,
Essmart,1-Aug-22,Later Stage VC,2023,2011,"Bangalore, India",12,,
Exergen,1-Aug-22,Secondary Transaction - Private,2023,1980,"Boston, MA",43,,
Recon Therapeutics,1-Aug-22,Out of Business,2023,2014,"Boston, MA",9,,
Beaver Biology,29-Jul-22,Later Stage VC,2023,2011,"Suzhou, China",12,,
AlloVir (NAS: ALVR),26-Jul-22,Public Investment 2nd Offering,2023,2013,"Cambridge, MA",10,,
HealthBank,26-Jul-22,Bankruptcy: Liquidation,2023,2013,"Baar, Switzerland",10,,
Inspek,26-Jul-22,Early Stage VC,2023,2021,"Paris, France",2,,
Capillary Biomedical,21-Jul-22,Merger/Acquisition,2023,2014,"Irvine, CA",9,,
Herophilus,20-Jul-22,Secondary Transaction - Private,2023,2017,"San Francisco, CA",6,,
Landsdowne Labs,19-Jul-22,Grant,2023,2017,"Fairfield, CT",6,,
New Born Solutions,15-Jul-22,Later Stage VC,2023,2015,"Barcelona, Spain",8,,
Auron Therapeutics,14-Jul-22,Early Stage VC,2023,2018,"Wellesley, MA",5,,
MEPSGEN,13-Jul-22,Early Stage VC,2023,2019,"Seoul, South Korea",4,,
Ricult,11-Jul-22,Later Stage VC,2023,2016,"Boston, MA",7,,
RefleXion Medical,6-Jul-22,Debt Refinancing,2023,2009,"Hayward, CA",14,,
AirWorks,1-Jul-22,Later Stage VC,2023,2017,"Boston, MA",6,,
OCEANIUM,1-Jul-22,Grant,2023,2018,"Oban, United Kingdom",5,,
Novuson,30-Jun-22,Equity Crowdfunding,2023,2014,"Bothell, WA",9,,
Radiology Partners,30-Jun-22,Debt - General,2023,2012,"El Segundo, CA",11,,
Ketryx,29-Jun-22,Seed Round,2023,2021,"Somerville, MA",2,,
MiraBiologics,28-Jun-22,Later Stage VC,2023,2017,"Tokyo, Japan",6,,
Westlake Therapeutics,26-Jun-22,Early Stage VC,2023,2019,"Hangzhou, China",4,,
MyOme,21-Jun-22,Later Stage VC,2023,2017,"Menlo Park, CA",6,,
CAMP4,17-Jun-22,Later Stage VC,2023,2016,"Cambridge, MA",7,,
EnerSpar,15-Jun-22,Merger/Acquisition,2023,2011,"Toronto, Canada",12,,
Pearl Diagnostics,14-Jun-22,Seed Round,2023,2014,"Baltimore, MD",9,,
Tango Therapeutics (NAS: TNGX),10-Jun-22,PIPE,2023,2017,"Cambridge, MA",6,,
Dynamics Special Purpose,8-Jun-22,Merger/Acquisition,2023,2021,"Redwood City, CA",2,,
iDoctus,8-Jun-22,Merger/Acquisition,2023,2011,"Madrid, Spain",12,,
Immunicom,8-Jun-22,Grant,2023,2013,"San Diego, CA",10,,
Senti Bio (NAS: SNTI),8-Jun-22,Reverse Merger,2023,2016,"South San Francisco, CA",7,,
Ohio Clinical Trials,7-Jun-22,Buyout/LBO,2023,2012,"Columbus, OH",11,,
Meadowhawk Biolabs,1-Jun-22,Early Stage VC,2023,2021,"Boston, MA",2,,
Popinjay,1-Jun-22,Out of Business,2023,¬†,"Karachi, Pakistan",#VALUE!,,
Navitor Pharmaceuticals,27-May-22,Secondary Transaction - Private,2023,2010,"Cambridge, MA",13,,
CareMax (NAS: CMAX),26-May-22,Debt Refinancing,2023,2009,"Miami, FL",14,,
Pendulum Systems,26-May-22,Later Stage VC,2023,2013,"Seattle, WA",10,,
Aavia,25-May-22,Seed Round,2023,2017,"New York, NY",6,,
Lydian (Other Energy Services),24-May-22,Seed Round,2023,2020,"Salem, MA",3,,
Remedly,24-May-22,Secondary Transaction - Private,2023,2012,"Oakland, CA",11,,
Cygnal,18-May-22,Merger/Acquisition,2023,2017,"Cambridge, MA",6,,
KAID Health,13-May-22,Early Stage VC,2023,2019,"Boston, MA",4,,
Chance Pharmaceuticals,6-May-22,Later Stage VC,2023,2015,"Hangzhou, China",8,,
IntralinkSpine,6-May-22,Merger/Acquisition,2023,2007,"Lexington, KY",16,,
Kano Therapeutics,6-May-22,Seed Round,2023,2021,"Cambridge, MA",2,,
NeighborMD Management,6-May-22,Merger/Acquisition,2023,2009,"Plantation, FL",14,,
PepGen (NAS: PEPG),6-May-22,IPO,2023,1995,"Cambridge, MA",28,,
Bounce Imaging,2-May-22,Later Stage VC,2023,2012,"Buffalo, NY",11,,
Simplifed,1-May-22,Seed Round,2023,2019,"New York, NY",4,,
VentriNova,1-May-22,Out of Business,2023,2006,"New York, NY",17,,
PROTXX,30-Apr-22,Equity Crowdfunding,2023,2016,"Menlo Park, CA",7,,
HilleVax (NAS: HLVX),29-Apr-22,IPO,2023,2021,"Boston, MA",2,,
eMedEvents,28-Apr-22,Later Stage VC,2023,2014,"Nellore, India",9,,
Lumiata,28-Apr-22,Merger/Acquisition,2023,2013,"San Mateo, CA",10,,
Ashvattha Therapeutics,27-Apr-22,Later Stage VC,2023,2015,"Redwood City, CA",8,,
Vizgen,27-Apr-22,Later Stage VC,2023,2019,"Cambridge, MA",4,,
KSQ (Drug Discovery),26-Apr-22,Debt - General,2023,2015,"Lexington, MA",8,,
Tessera Therapeutics,20-Apr-22,Later Stage VC,2023,2018,"Cambridge, MA",5,,
Lucy Therapeutics,11-Apr-22,Grant,2023,2017,"Waltham, MA",6,,
Trevi Therapeutics (NAS: TRVI),11-Apr-22,PIPE,2023,2011,"New Haven, CT",12,,
Kaleido BioSciences,8-Apr-22,Out of Business,2023,2015,"Lexington, MA",8,,
Abpro,6-Apr-22,Later Stage VC,2023,2007,"Woburn, MA",16,,
Lungpacer,6-Apr-22,Later Stage VC,2023,2009,"Vancouver, Canada",14,,
Eleos Health,5-Apr-22,Early Stage VC,2023,2019,"Cambridge, MA",4,,
All.Health,1-Apr-22,Later Stage VC,2023,2017,"San Francisco, CA",6,,
Cision Vision,1-Apr-22,Accelerator/Incubator,2023,2020,"Palo Alto, CA",3,,
Creda Health,1-Apr-22,Early Stage VC,2023,2017,"Waltham, MA",6,,
GoodNight Medical,1-Apr-22,Merger/Acquisition,2023,1997,"Columbus, OH",26,,
Osler Diagnostics,1-Apr-22,Grant,2023,2016,"Oxford, United Kingdom",7,,
SanaHeal,1-Apr-22,Early Stage VC,2023,2020,"Boston, MA",3,,
TARA Biosystems,1-Apr-22,Merger/Acquisition,2023,2014,"New York, NY",9,,
Atolla,31-Mar-22,Merger/Acquisition,2023,2017,"New York, NY",6,,
Phathom Pharmaceuticals (NAS: PHAT),27-Mar-22,PIPE,2023,2018,"Florham Park, NJ",5,,
Celsius (Biotechnology),24-Mar-22,Early Stage VC,2023,2018,"Cambridge, MA",5,,
Neighbourly Pharmacy (TSE: NBLY),18-Mar-22,PIPE,2023,2015,"Toronto, Canada",8,,
VideaHealth,18-Mar-22,Early Stage VC,2023,2018,"Boston, MA",5,,
Axcella (NAS: AXLA),16-Mar-22,Public Investment 2nd Offering,2023,2009,"Cambridge, MA",14,,
Biocogniv,16-Mar-22,Seed Round,2023,2019,"Burlington, VT",4,,
Curiox Biosystems,16-Mar-22,Later Stage VC,2023,¬†,"Woburn, MA",#VALUE!,,
Triumvira,15-Mar-22,Later Stage VC,2023,2015,"Austin, TX",8,,
Aimee,14-Mar-22,Out of Business,2023,2017,"San Francisco, CA",6,,
Vizzhy,14-Mar-22,Grant,2023,2021,"Bengaluru, India",2,,
Portal Instruments,11-Mar-22,Later Stage VC,2023,2012,"Cambridge, MA",11,,
4M Therapeutics,8-Mar-22,Seed Round,2023,2020,"Skillman, NJ",3,,
Immunwork,8-Mar-22,Later Stage VC,2023,2014,"Taipei City, Taiwan",9,,
MDaaS Global,7-Mar-22,Accelerator/Incubator,2023,2016,"Cambridge, MA",7,,
Volta Labs,3-Mar-22,Early Stage VC,2023,2018,"Cambridge, MA",5,,
Mori,2-Mar-22,Later Stage VC,2023,2016,"Boston, MA",7,,
NextRNA,1-Mar-22,Early Stage VC,2023,2019,"Boston, MA",4,,
Sherlock Biosciences,28-Feb-22,Early Stage VC,2023,2019,"Watertown, MA",4,,
Satellite Bio,25-Feb-22,Early Stage VC,2023,2019,"Cambridge, MA",4,,
Bausch Health Companies (TSE: BHC),19-Feb-22,IPO,2023,¬†,"Laval, Canada",#VALUE!,,
Electra Therapeutics,16-Feb-22,Early Stage VC,2023,2018,"South San Francisco, CA",5,,
PrognomIQ,16-Feb-22,Early Stage VC,2023,2020,"San Mateo, CA",3,,
Window Therapeutics,14-Feb-22,Grant,2023,2020,"Boston, MA",3,,
Atlas5D,8-Feb-22,Accelerator/Incubator,2023,2011,"Lincoln, MA",12,,
Dewpoint,3-Feb-22,Later Stage VC,2023,2018,"Boston, MA",5,,
New West Genetics,2-Feb-22,Later Stage VC,2023,2014,"Windsor, CO",9,,
Innsightful,1-Feb-22,Grant,2023,2019,"Sunnyvale, CA",4,,
Ocular Technologies,1-Feb-22,Later Stage VC,2023,2017,"Cambridge, MA",6,,
Protocol Intelligence,1-Feb-22,Later Stage VC,2023,2014,"San Diego, CA",9,,
Cytognos,31-Jan-22,Merger/Acquisition,2023,1996,"Salamanca, Spain",27,,
Talking Medicines,31-Jan-22,Later Stage VC,2023,2013,"Glasgow, United Kingdom",10,,
Cellino Biotech,25-Jan-22,Later Stage VC,2023,2017,"Cambridge, MA",6,,
Klarity,24-Jan-22,Later Stage VC,2023,2017,"San Francisco, CA",6,,
DaytoDay,19-Jan-22,Merger/Acquisition,2023,2018,"Boston, MA",5,,
Bluesteel,13-Jan-22,Merger/Acquisition,2023,2001,"Colle Umberto, Italy",22,,
Maze Therapeutics,10-Jan-22,Later Stage VC,2023,2018,"South San Francisco, CA",5,,
Smartz,6-Jan-22,Early Stage VC,2023,2019,"North Sydney, Australia",4,,
Cerberus Therapeutics,5-Jan-22,Seed Round,2023,2022,"Cambridge, MA",1,,
Danaher (NYS: DHR),1-Jan-22,Debt Refinancing,2023,1969,"Washington, DC",54,,
FORAY (Forestry Development/Harvesting),1-Jan-22,Early Stage VC,2023,2021,"Cambridge, MA",2,,
Cydan,31-Dec-21,Out of Business,2023,2013,"Cambridge, MA",10,,
Resilience Therapeutics,31-Dec-21,Out of Business,2023,2015,"Boston, MA",8,,
SecurAcath,30-Dec-21,Later Stage VC,2023,2000,"Plymouth, MN",23,,
Biogen (NAS: BIIB),29-Dec-21,Merger/Acquisition,2023,1978,"Cambridge, MA",45,,
Dicerna Pharmaceuticals,28-Dec-21,Merger/Acquisition,2023,2007,"Lexington, MA",16,,
SoundHealth,27-Dec-21,Seed Round,2023,2019,"Los Altos, CA",4,,
Veritas In Silico,24-Dec-21,Later Stage VC,2023,2016,"Tokyo, Japan",7,,
Overjet,20-Dec-21,Early Stage VC,2023,2018,"Boston, MA",5,,
Glympse Bio,17-Dec-21,Later Stage VC,2023,2015,"Cambridge, MA",8,,
DELIVER Therapeutics,14-Dec-21,Early Stage VC,2023,2020,"Surfside, FL",3,,
Lantos,8-Dec-21,Later Stage VC,2023,2009,"Derry, NH",14,,
ERinfo,7-Dec-21,Seed Round,2023,2018,"Miami, FL",5,,
Wellframe,7-Dec-21,Buyout/LBO,2023,2011,"Boston, MA",12,,
Bellicum Pharmaceuticals (PINX: BLCM),6-Dec-21,PIPE,2023,2004,"Houston, TX",19,,
Immunai,1-Dec-21,Later Stage VC,2023,2018,"New York, NY",5,,
WarmUP,1-Dec-21,Secondary Transaction - Private,2023,2000,"Ann Arbor, MI",23,,
Cardiff Oncology (NAS: CRDF),18-Nov-21,PIPE,2023,2002,"San Diego, CA",21,,
Generate Biomedicines,18-Nov-21,Early Stage VC,2023,2018,"Cambridge, MA",5,,
nQ Medical,16-Nov-21,Early Stage VC,2023,2016,"Cambridge, MA",7,,
DFP Healthcare Acquisitions,15-Nov-21,Merger/Acquisition,2023,2019,"New York, NY",4,,
908 Devices (NAS: MASS),12-Nov-21,Public Investment 2nd Offering,2023,2012,"Boston, MA",11,,
Synaptics (NAS: SYNA),12-Nov-21,Debt - General,2023,1986,"San Jose, CA",37,,
Kinsa,10-Nov-21,Later Stage VC,2023,2012,"San Francisco, CA",11,,
Alltrna,9-Nov-21,Early Stage VC,2023,2018,"Cambridge, MA",5,,
Arbor Biotechnologies,9-Nov-21,Later Stage VC,2023,2016,"Cambridge, MA",7,,
Color,9-Nov-21,Later Stage VC,2023,¬†,"Burlingame, CA",#VALUE!,,
DeepCure,8-Nov-21,Early Stage VC,2023,2018,"Boston, MA",5,,
SuitX,3-Nov-21,Buyout/LBO,2023,2012,"Emeryville, CA",11,,
Loop,1-Nov-21,Early Stage VC,2023,2021,"Knoxville, TN",2,,
Arcaea,28-Oct-21,Early Stage VC,2023,2021,"Boston, MA",2,,
Biobot Analytics,22-Oct-21,Early Stage VC,2023,2017,"Cambridge, MA",6,,
Mangrove Management Partners,20-Oct-21,Early Stage VC,2023,2019,"Lexington, MA",4,,
Enlight Medical,18-Oct-21,Early Stage VC,2023,2020,"Shanghai, China",3,,
Ginger.io,14-Oct-21,Merger/Acquisition,2023,2011,"San Francisco, CA",12,,
Rectify Pharma,14-Oct-21,Early Stage VC,2023,2020,"Cambridge, MA",3,,
Invaio,13-Oct-21,Debt - General,2023,2018,"Cambridge, MA",5,,
Lark,13-Oct-21,Later Stage VC,2023,2010,"Mountain View, CA",13,,
Mindbloom,8-Oct-21,Secondary Transaction - Private,2023,2019,"Orlando, FL",4,,
AQUA,1-Oct-21,Secondary Transaction - Private,2023,1981,"Yokohama, Japan",42,,
StemBioSys,30-Sep-21,Later Stage VC,2023,2010,"San Antonio, TX",13,,
Transcenta Holding (HKG: 06628),29-Sep-21,IPO,2023,¬†,"Suzhou, China",#VALUE!,,
Cake,27-Sep-21,Later Stage VC,2023,2016,"Stockholm, Sweden",7,,
Kytopen,27-Sep-21,Early Stage VC,2023,2017,"Cambridge, MA",6,,
Tarveda Therapeutics,27-Sep-21,Later Stage VC,2023,2011,"Watertown, MA",12,,
EnnovaBio,26-Sep-21,Early Stage VC,2023,2016,"Shanghai, China",7,,
SmartLabs,20-Sep-21,Later Stage VC,2023,2014,"Boston, MA",9,,
Ginkgo Bioworks (NYS: DNA),17-Sep-21,PIPE,2023,2008,"Boston, MA",15,,
Elevian,16-Sep-21,Early Stage VC,2023,2017,"Newton, MA",6,,
Sampled,15-Sep-21,Merger/Acquisition,2023,2016,"Macceslfield, United Kingdom",7,,
Empallo,14-Sep-21,Accelerator/Incubator,2023,2021,"Boston, MA",2,,
Culture Biosciences,10-Sep-21,Later Stage VC,2023,2016,"South San Francisco, CA",7,,
SynLife,10-Sep-21,Grant,2023,2017,"Cambridge, MA",6,,
Ankyra,8-Sep-21,Early Stage VC,2023,2019,"Cambridge, MA",4,,
Bluebird Bio (NAS: BLUE),8-Sep-21,PIPE,2023,1993,"Somerville, MA",30,,
PlateJoy,2-Sep-21,Merger/Acquisition,2023,2012,"Fort Mill, SC",11,,
YourBio,2-Sep-21,Later Stage VC,2023,2007,"Medford, MA",16,,
Alelo,29-Aug-21,Equity Crowdfunding,2023,2005,"Los Angeles, CA",18,,
Centene (NYS: CNC),29-Aug-21,Debt Refinancing,2023,1984,"Saint Louis, MO",39,,
Brainworks Foundry,27-Aug-21,Corporate,2023,2017,"San Francisco, CA",6,,
Humacyte (NAS: HUMA),26-Aug-21,PIPE,2023,2004,"Durham, NC",19,,
QMedic,26-Aug-21,Debt - General,2023,2010,"Boston, MA",13,,
Change:WATER,24-Aug-21,Later Stage VC,2023,2013,"Cambridge, MA",10,,
Vividion Therapeutics,20-Aug-21,IPO,2023,2013,"San Diego, CA",10,,
Dobi Medical,19-Aug-21,Later Stage VC,2023,2013,"Hangzhou, China",10,,
Immunitas Therapeutics,18-Aug-21,Early Stage VC,2023,2019,"Waltham, MA",4,,
PatientKeeper,18-Aug-21,Merger/Acquisition,2023,1996,"Waltham, MA",27,,
Thermedical,18-Aug-21,Later Stage VC,2023,1995,"Waltham, MA",28,,
Centaur Labs,17-Aug-21,Early Stage VC,2023,2017,"Boston, MA",6,,
Celero Systems,16-Aug-21,Seed Round,2023,2017,"Lincoln, MA",6,,
Sino Biological (SHE: 301047),16-Aug-21,IPO,2023,2007,"Beijing, China",16,,
Essa (NAS: EPIX),11-Aug-21,PIPE,2023,2009,"Vancouver, Canada",14,,
Ambri,9-Aug-21,PE Growth/Expansion,2023,2010,"Marlborough, MA",13,,
Amfora,9-Aug-21,Grant,2023,2016,"San Francisco, CA",7,,
Galixir,4-Aug-21,Early Stage VC,2023,2019,"Beijing, China",4,,
Aria Pharmaceuticals,1-Aug-21,Later Stage VC,2023,2014,"Palo Alto, CA",9,,
Honeycomb Biotechnologies,1-Aug-21,Grant,2023,2017,"Waltham, MA",6,,
Lumicell,1-Aug-21,Later Stage VC,2023,2008,"Newton, MA",15,,
Torus Biosystems,1-Aug-21,Grant,2023,2019,"Medford, MA",4,,
Omega Therapeutics (NAS: OMGA),30-Jul-21,IPO,2023,2017,"Cambridge, MA",6,,
Detection On The Spot,29-Jul-21,Later Stage VC,2023,2013,"Natick, MA",10,,
Laronde,28-Jul-21,Early Stage VC,2023,2017,"Cambridge, MA",6,,
Candel Therapeutics (NAS: CADL),27-Jul-21,IPO,2023,1999,"Needham, MA",24,,
Midori Animal Health,27-Jul-21,Merger/Acquisition,2023,2009,"Cambridge, MA",14,,
Accion Systems,21-Jul-21,Later Stage VC,2023,2014,"Boston, MA",9,,
Adaviv,20-Jul-21,Seed Round,2023,2018,"Boston, MA",5,,
Butterfly Network (NYS: BFLY),19-Jul-21,PIPE,2023,2011,"Burlington, MA",12,,
Muser,17-Jul-21,Out of Business,2023,2015,"Madrid, Spain",8,,
Axion Biosystems,15-Jul-21,Buyout/LBO,2023,2008,"Atlanta, GA",15,,
Eyedetec Medical,15-Jul-21,Later Stage VC,2023,2006,"Danville, CA",17,,
Combined Therapeutics,12-Jul-21,Later Stage VC,2023,2016,"Boston, MA",7,,
Bonding Health,11-Jul-21,Accelerator/Incubator,2023,2021,"San Francisco, CA",2,,
Suono Bio,7-Jul-21,Later Stage VC,2023,2015,"Foxborough, MA",8,,
Kindex,2-Jul-21,Out of Business,2023,2009,"Boston, MA",14,,
Travera,2-Jul-21,Early Stage VC,2023,2017,"Medford, MA",6,,
C2Sense,1-Jul-21,Later Stage VC,2023,2013,"Watertown, MA",10,,
LayerBio,30-Jun-21,Later Stage VC,2023,2013,"Lexington, MA",10,,
1366 Technologies,28-Jun-21,Merger/Acquisition,2023,2007,"Bedford, MA",16,,
Abata Therapeutics,23-Jun-21,Early Stage VC,2023,2020,"Watertown, MA",3,,
Affectiva,23-Jun-21,Merger/Acquisition,2023,2009,"Boston, MA",14,,
WEGO Health,15-Jun-21,Buyout/LBO,2023,2007,"Boston, MA",16,,
Common Sensing,14-Jun-21,Merger/Acquisition,2023,2012,"Cambridge, MA",11,,
Vizual.AI,10-Jun-21,Out of Business,2023,2016,"Baltimore, MD",7,,
Clarity Medical Systems,1-Jun-21,Secondary Transaction - Private,2023,1984,"Pleasanton, CA",39,,
Invictus BCI,1-Jun-21,Accelerator/Incubator,2023,2019,"New York, NY",4,,
Lexington Medical,1-Jun-21,PE Growth/Expansion,2023,2013,"Bedford, MA",10,,
Gandeeva Therapeutics,28-May-21,Early Stage VC,2023,2021,"Seattle, WA",2,,
Solstice (Other Pharmaceuticals and Biotechnology),27-May-21,Seed Round,2023,2011,"Seattle, WA",12,,
Clear Labs,26-May-21,Later Stage VC,2023,2014,"San Carlos, CA",9,,
Engine Biosciences,26-May-21,Later Stage VC,2023,2014,"Singapore, Singapore",9,,
Glissade Dental,18-May-21,Out of Business,2023,2013,"Singapore, Singapore",10,,
EureKare,17-May-21,Early Stage VC,2023,2020,"Senningerberg, Luxembourg",3,,
Arsenal Medical,15-May-21,Grant,2023,2005,"Waltham, MA",18,,
Aimvest Technologies,4-May-21,Merger/Acquisition,2023,2020,"New York, NY",3,,
Cartesian Therapeutics,4-May-21,Grant,2023,2016,"Gaithersburg, MD",7,,
CytoKi Pharma,4-May-21,Early Stage VC,2023,2019,"Hellerup, Denmark",4,,
Beyond Lucid Technologies & Consulting,1-May-21,Secondary Transaction - Private,2023,2009,"Concord, CA",14,,
Veristride,1-May-21,Later Stage VC,2023,¬†,"Salt Lake City, UT",#VALUE!,,
ImmuneID,28-Apr-21,Early Stage VC,2023,2020,"Waltham, MA",3,,
Ohana Biosciences,28-Apr-21,Out of Business,2023,2015,"Cambridge, MA",8,,
Tiburio Therapeutics,27-Apr-21,Out of Business,2023,2019,"Cambridge, MA",4,,
Decoy Therapeutics,22-Apr-21,Seed Round,2023,2020,"Cambridge, MA",3,,
Ponce Therapeutics,16-Apr-21,Early Stage VC,2023,2019,"Surfside, FL",4,,
Wicare,16-Apr-21,Later Stage VC,2023,2012,"Cambridge, MA",11,,
Repertoire Immune Medicines,13-Apr-21,Later Stage VC,2023,2015,"Cambridge, MA",8,,
BlueLight,7-Apr-21,Seed Round,2023,2009,"Halifax, Canada",14,,
Medicinal Genomics,6-Apr-21,Later Stage VC,2023,2009,"Beverly, MA",14,,
Sundose,6-Apr-21,Early Stage VC,2023,2017,"Lublin, Poland",6,,
Jolt Athletics,5-Apr-21,Out of Business,2023,2014,"Kansas City, MO",9,,
Bliss Health,1-Apr-21,Secondary Transaction - Private,2023,2009,"Durham, NC",14,,
EyeNetra,1-Apr-21,Secondary Transaction - Private,2023,2011,"Cambridge, MA",12,,
Lucidux,1-Apr-21,Secondary Transaction - Private,2023,2010,"Providence, RI",13,,
Micell Technologies,1-Apr-21,Out of Business,2023,1995,"Durham, NC",28,,
Spatio Metrics,1-Apr-21,Accelerator/Incubator,2023,2019,"Cambridge, MA",4,,
Emerald,31-Mar-21,Debt - General,2023,1990,"Sumter, SC",33,,
Immune Pharmaceuticals,29-Mar-21,Merger/Acquisition,2023,1993,"Fort Lee, NJ",30,,
Healiom,24-Mar-21,Seed Round,2023,2020,"San Mateo, CA",3,,
Movano (NAS: MOVE),23-Mar-21,IPO,2023,2018,"Pleasanton, CA",5,,
Atossa Therapeutics (NAS: ATOS),22-Mar-21,PIPE,2023,2009,"Seattle, WA",14,,
Tilt,20-Mar-21,Accelerator/Incubator,2023,2016,"Bengaluru, India",7,,
Finch (Drug Discovery) (NAS: FNCH),19-Mar-21,IPO,2023,2014,"Somerville, MA",9,,
Nightingale Health (HEL: HEALTH),19-Mar-21,IPO,2023,2013,"Helsinki, Finland",10,,
Just Energy Group,9-Mar-21,Bankruptcy: Admin/Reorg,2023,1997,"Houston, TX",26,,
Breathe Easy,1-Mar-21,Out of Business,2023,2009,"Auckland, New Zealand",14,,
Moderna Therapeutics (NAS: MRNA),1-Mar-21,Secondary Transaction - Open Market,2023,2010,"Cambridge, MA",13,,
Mesa Biotech,25-Feb-21,Merger/Acquisition,2023,2009,"San Diego, CA",14,,
Viracta Therapeutics (NAS: VIRX),24-Feb-21,PIPE,2023,2007,"Cardiff, CA",16,,
WithMe Health,19-Feb-21,Later Stage VC,2023,2016,"San Mateo, CA",7,,
Pulmatrix (NAS: PULM),16-Feb-21,Public Investment 2nd Offering,2023,2003,"Lexington, MA",20,,
SQZ Biotech (PINX: SQZB),12-Feb-21,Public Investment 2nd Offering,2023,2013,"Watertown, MA",10,,
Ekso Bionics Holdings (NAS: EKSO),11-Feb-21,PIPE,2023,2005,"San Rafael, CA",18,,
Notch Therapeutics,10-Feb-21,Early Stage VC,2023,2018,"Vancouver, Canada",5,,
augGI,8-Feb-21,Merger/Acquisition,2023,2018,NY,5,,
Genie Health,5-Feb-21,Seed Round,2023,2018,"Orlando, FL",5,,
Clozex Medical,4-Feb-21,Later Stage VC,2023,2003,"West Bridgewater, MA",20,,
Sana Biotechnology (NAS: SANA),4-Feb-21,IPO,2023,2018,"Seattle, WA",5,,
Wicare (Life and Health Insurance),3-Feb-21,Out of Business,2023,2018,"Hanoi, Vietnam",5,,
Avelas Biosciences,1-Feb-21,Secondary Transaction - Private,2023,2009,"San Diego, CA",14,,
Abound,29-Jan-21,Seed Round,2023,2015,"San Francisco, CA",8,,
Seer (NAS: SEER),29-Jan-21,Public Investment 2nd Offering,2023,2017,"Redwood City, CA",6,,
Takachar,28-Jan-21,Grant,2023,2011,"Boston, MA",12,,
Additum,25-Jan-21,Early Stage VC,2023,2017,"Madrid, Spain",6,,
OncoCyte (NAS: OCX),20-Jan-21,PIPE,2023,2009,"Irvine, CA",14,,
Sweetwater Energy,12-Jan-21,Equity Crowdfunding,2023,2006,"Rochester, NY",17,,
Abcuro,7-Jan-21,Later Stage VC,2023,2015,"Newton, MA",8,,
UpLift,7-Jan-21,Debt - General,2023,2011,"Sunnyvale, CA",12,,
SenSen Networks (ASX: SNS),6-Jan-21,PIPE,2023,2007,"South Melbourne, Australia",16,,
Ankasa Regenerative Therapeutics,1-Jan-21,Later Stage VC,2023,2014,"San Diego, CA",9,,
CoVerified,1-Jan-21,Accelerator/Incubator,2023,2020,"Cambridge, MA",3,,
General Biomics,1-Jan-21,Seed Round,2023,2020,"Farmington, CT",3,,
Orpheris,1-Jan-21,Secondary Transaction - Private,2023,2015,"Redwood City, CA",8,,
Senzer Pharmaceuticals,1-Jan-21,Bankruptcy: Admin/Reorg,2023,2015,"London, United Kingdom",8,,
DxLab,23-Dec-20,Seed Round,2023,2020,"Somerville, MA",3,,
DeepAffects,21-Dec-20,Merger/Acquisition,2023,2017,"Milpitas, CA",6,,
Dignio,19-Dec-20,Later Stage VC,2023,2010,"Krakeroy, Norway",13,,
Nuance Pharma,7-Dec-20,Later Stage VC,2023,2014,"Shanghai, China",9,,
Nor1,4-Dec-20,Merger/Acquisition,2023,2004,"Santa Clara, CA",19,,
New Enterprise Associates,30-Nov-20,GP Stakes,2023,1977,"Lutherville-Timonium, MD",46,,
Emphysys,24-Nov-20,Buyout/LBO,2023,2009,"Woburn, MA",14,,
Nodus Therapeutics,24-Nov-20,Out of Business,2023,2015,"Menlo Park, CA",8,,
BioMed Realty,20-Nov-20,Buyout/LBO,2023,2004,"San Diego, CA",19,,
LifeEDIT Therapeutics,16-Nov-20,Merger/Acquisition,2023,2017,"Durham, NC",6,,
Salk Institute,15-Nov-20,Grant,2023,1960,"La Jolla, CA",63,,
KEW (Biotechnology),1-Nov-20,Secondary Transaction - Private,2023,2009,"Auburndale, MA",14,,
MC10,27-Oct-20,Merger/Acquisition,2023,2008,"Lexington, MA",15,,
Haystack Sciences,22-Oct-20,Merger/Acquisition,2023,2017,"San Francisco, CA",6,,
Ixcela,14-Oct-20,Later Stage VC,2023,2012,"Bedford, MA",11,,
Careport,12-Oct-20,Buyout/LBO,2023,2012,"Boston, MA",11,,
Kronos Bio (NAS: KRON),9-Oct-20,IPO,2023,2017,"San Mateo, CA",6,,
Alivio Therapeutics,5-Oct-20,Grant,2023,2016,"Boston, MA",7,,
CrossCoat Medical,1-Oct-20,Merger/Acquisition,2023,2014,"Lexington, KY",9,,
ExploraMed,1-Oct-20,Later Stage VC,2023,1995,"Mountain View, CA",28,,
Momenta Pharmaceuticals,1-Oct-20,Merger/Acquisition,2023,2001,"Cambridge, MA",22,,
Eikonizo Therapeutics,30-Sep-20,Grant,2023,2017,"Cambridge, MA",6,,
Encora Therapeutics,30-Sep-20,Seed Round,2023,2018,"Cambridge, MA",5,,
TeleSage,30-Sep-20,Grant,2023,1996,"Chapel Hill, NC",27,,
Intact Vascular,4-Sep-20,Merger/Acquisition,2023,2011,"Wayne, PA",12,,
AliquantumRx,1-Sep-20,Early Stage VC,2023,2016,"Baltimore, MD",7,,
Below the Fold,1-Sep-20,Early Stage VC,2023,2018,"San Francisco, CA",5,,
Flaskworks,28-Aug-20,Merger/Acquisition,2023,2016,"Boston, MA",7,,
Sansure Biotech (SHG: 688289),28-Aug-20,IPO,2023,2008,"Changsha, China",15,,
InfiniteMD,25-Aug-20,Merger/Acquisition,2023,2015,"Boston, MA",8,,
3Derm,19-Aug-20,Merger/Acquisition,2023,2012,"Boston, MA",11,,
Seres Therapeutics (NAS: MCRB),17-Aug-20,PIPE,2023,2010,"Cambridge, MA",13,,
Kintai Therapeutics,7-Aug-20,Debt - General,2023,2016,"Cambridge, MA",7,,
AngelMD,25-Jul-20,Later Stage VC,2023,2013,"Denver, CO",10,,
Olympic Ophthalmics,14-Jul-20,Early Stage VC,2023,2017,"Issaquah, WA",6,,
Poseida Therapeutics (NAS: PSTX),10-Jul-20,IPO,2023,2014,"San Diego, CA",9,,
Humon,1-Jul-20,Merger/Acquisition,2023,2015,"Cambridge, MA",8,,
InsituGen,1-Jul-20,Early Stage VC,2023,2020,"Dunedin, New Zealand",3,,
Eligo Bioscience,30-Jun-20,Grant,2023,2014,"Paris, France",9,,
Sugarmate,24-Jun-20,Merger/Acquisition,2023,2016,"New York, NY",7,,
PuraCath Medical,23-Jun-20,Later Stage VC,2023,2010,"San Francisco, CA",13,,
SinocellTech (SHG: 688520),22-Jun-20,IPO,2023,2007,"Beijing, China",16,,
Xibus Systems,22-Jun-20,Seed Round,2023,2016,"Watertown, MA",7,,
Vermont Organic Science,18-Jun-20,Debt - General,2023,¬†,"Williston, VT",#VALUE!,,
Boston Scientific (NYS: BSX),14-Jun-20,Debt Refinancing,2023,1979,"Marlborough, MA",44,,
Selecta Biosciences (NAS: SELB),11-Jun-20,PIPE,2023,2007,"Watertown, MA",16,,
Fate Therapeutics (NAS: FATE),10-Jun-20,Public Investment 2nd Offering,2023,2007,"San Diego, CA",16,,
Stemline Therapeutics,10-Jun-20,Merger/Acquisition,2023,2003,"New York, NY",20,,
CereVasc,9-Jun-20,Later Stage VC,2023,2014,"Auburndale, MA",9,,
Steward Health Care,2-Jun-20,Investor Buyout by Management,2023,1985,"Dallas, TX",38,,
Arcturus Therapeutics (NAS: ARCT),28-May-20,PIPE,2023,2013,"San Diego, CA",10,,
Neon Therapeutics,6-May-20,Merger/Acquisition,2023,2013,"Cambridge, MA",10,,
SmartLink Health,3-May-20,Debt - PPP,2023,2012,"Cary, NC",11,,
Imbio,1-May-20,Grant,2023,2005,"Minneapolis, MN",18,,
Particles for Humanity,1-May-20,Grant,2023,2018,"Lebanon, NH",5,,
ImmunSYS,30-Apr-20,Debt - PPP,2023,2018,"Fort Lauderdale, FL",5,,
Avalon Bioventures,28-Apr-20,Debt - PPP,2023,2013,"La Jolla, CA",10,,
Nara Logics,28-Apr-20,Debt - PPP,2023,2011,"Boston, MA",12,,
Archimedic,27-Apr-20,Debt - PPP,2023,2009,"Waltham, MA",14,,
Brain Power,27-Apr-20,Debt - PPP,2023,2013,"Boston, MA",10,,
Coravin,15-Apr-20,Debt - PPP,2023,2011,"Bedford, MA",12,,
Fluxion (Diagnostic Equipment),15-Apr-20,Debt - PPP,2023,2005,"Alameda, CA",18,,
Vac Pac,15-Apr-20,Debt - PPP,2023,1949,"Middle River, MD",74,,
Catalia Health,14-Apr-20,Debt - PPP,2023,2014,"San Francisco, CA",9,,
Piccolo Medical,14-Apr-20,Early Stage VC,2023,2016,"San Francisco, CA",7,,
Carpe Diem Technologies,13-Apr-20,Debt - PPP,2023,2005,"Franklin, MA",18,,
Global Healing,12-Apr-20,Debt - PPP,2023,1998,"Houston, TX",25,,
NeuroNexus Technologies,11-Apr-20,Debt - PPP,2023,2004,"Ann Arbor, MI",19,,
Mikroscan,8-Apr-20,Debt - PPP,2023,2011,"Carlsbad, CA",12,,
Stynt,6-Apr-20,Debt - PPP,2023,2014,"Boston, MA",9,,
Umbulizer,6-Apr-20,Seed Round,2023,2018,"Cambridge, MA",5,,
Dragonfly (Biotechnology),19-Mar-20,Early Stage VC,2023,2016,"Waltham, MA",7,,
Aviabiotic,18-Mar-20,Grant,2023,2019,"Atlanta, GA",4,,
Brainstorm Cell Therapeutics (NAS: BCLI),6-Mar-20,PIPE,2023,2000,"New York, NY",23,,
Kona Medical,3-Mar-20,Out of Business,2023,2009,"Bellevue, WA",14,,
Tactile,1-Mar-20,Later Stage VC,2023,2008,"Copenhagen, Denmark",15,,
Hygea,19-Feb-20,Bankruptcy: Admin/Reorg,2023,2007,"Miami, FL",16,,
Comvest Partners,18-Feb-20,GP Stakes,2023,2000,"West Palm Beach, FL",23,,
Heal Clinics,10-Feb-20,Out of Business,2023,2014,"Durham, NC",9,,
Sanitas (Healthcare Practice Management),10-Feb-20,Out of Business,2023,2010,"La Jolla, CA",13,,
aTyr Pharma (NAS: LIFE),6-Feb-20,Public Investment 2nd Offering,2023,2005,"San Diego, CA",18,,
Drones for Humanity,1-Feb-20,Out of Business,2023,2014,"Toronto, Canada",9,,
EnVivo,1-Feb-20,Grant,2023,2017,"San Francisco, CA",6,,
PsychOnline,8-Jan-20,Seed Round,2023,2016,"Miami, FL",7,,
BioDevek,1-Jan-20,Angel (individual),2023,2017,"Boston, MA",6,,
Jawbone Health,1-Jan-20,Early Stage VC,2023,2017,"San Francisco, CA",6,,
Taris Biomedical (US),20-Dec-19,Merger/Acquisition,2023,2008,"Lexington, MA",15,,
Singularity (Consulting Services (B2B)),16-Dec-19,Later Stage VC,2023,2008,"Mountain View, CA",15,,
CultureTrax,1-Dec-19,Out of Business,2023,2012,"Madison, WI",11,,
Avedro,21-Nov-19,Merger/Acquisition,2023,2002,"Waltham, MA",21,,
Microchips Biotech,20-Nov-19,Merger/Acquisition,2023,1999,"Lexington, MA",24,,
Avita Medical (NAS: RCEL),12-Nov-19,PIPE,2023,¬†,"Valencia, CA",#VALUE!,,
"Hey,Charlie",12-Nov-19,Out of Business,2023,2016,"Cambridge, MA",7,,
Verseau Therapeutics,21-Oct-19,Early Stage VC,2023,2017,"Bedford, MA",6,,
Truth On Call,16-Oct-19,Merger/Acquisition,2023,2008,"Beaver Dam, WI",15,,
Semma Therapeutics,10-Oct-19,Merger/Acquisition,2023,2014,"Cambridge, MA",9,,
Geneception Therapeutics,30-Sep-19,Early Stage VC,2023,2019,"Shanghai, China",4,,
EquiSeq,24-Sep-19,Angel (individual),2023,2015,"Albuquerque, NM",8,,
Cetya Therapeutics,23-Sep-19,Grant,2023,2012,"Fort Collins, CO",11,,
KryptCo,19-Sep-19,Merger/Acquisition,2023,2015,"Boston, MA",8,,
Creatv MicroTech,16-Sep-19,Grant,2023,1996,"Rockville, MD",27,,
Adverum Biotechnologies (NAS: ADVM),1-Sep-19,Secondary Transaction - Private,2023,2006,"Redwood City, CA",17,,
Solipharma,28-Aug-19,Later Stage VC,2023,2010,"Hangzhou, China",13,,
Nutricount,22-Aug-19,Out of Business,2023,2015,"Boston, MA",8,,
Siamab Therapeutics,19-Aug-19,Merger/Acquisition,2023,2006,"Newton, MA",17,,
iTeam,9-Aug-19,Out of Business,2023,2004,"Chelmsford, MA",19,,
Quanterix (NAS: QTRX),9-Aug-19,Public Investment 2nd Offering,2023,2007,"Billerica, MA",16,,
Blue Heron Biotechnology,6-Aug-19,Merger/Acquisition,2023,1999,"Bothell, WA",24,,
Peloton Therapeutics,11-Jul-19,Merger/Acquisition,2023,2011,"Dallas, TX",12,,
EGG-energy,1-Jul-19,Out of Business,2023,2009,"Dar es Salaam, Tanzania",14,,
OttoClave,1-Jul-19,Out of Business,2023,¬†,"Cambridge, MA",#VALUE!,,
Preceres,1-Jul-19,Out of Business,2023,2014,"Cambridge, MA",9,,
Atreca (NAS: BCEL),20-Jun-19,IPO,2023,2010,"Redwood City, CA",13,,
Wecyclers,12-Jun-19,Grant,2023,2012,"Lagos, Nigeria",11,,
NightstaRx,7-Jun-19,Merger/Acquisition,2023,2013,"London, United Kingdom",10,,
Prepify,1-Jun-19,Out of Business,2023,2013,"Austin, TX",10,,
Textician,31-May-19,Grant,2023,2013,"Cambridge, MA",10,,
Abide Therapeutics,29-May-19,Merger/Acquisition,2023,2011,"San Diego, CA",12,,
Upstream Medical Technologies,13-May-19,Early Stage VC,2023,2015,"Christchurch, New Zealand",8,,
Medinova Medical Consulting,2-May-19,Bankruptcy: Liquidation,2023,1992,"Berlin, Germany",31,,
DxUpClose,1-May-19,Out of Business,2023,2009,"Wimberley, TX",14,,
Audiotoniq,1-Apr-19,Secondary Transaction - Private,2023,2009,"Austin, TX",14,,
Smithwise,31-Mar-19,Merger/Acquisition,2023,2009,"Newton, MA",14,,
Nanobiosym,18-Mar-19,Later Stage VC,2023,2004,"Cambridge, MA",19,,
TrialzOWN,1-Mar-19,Merger/Acquisition,2023,2018,"Lexington, MA",5,,
VasoRx,1-Mar-19,Angel (individual),2023,¬†,"San Diego, CA",#VALUE!,,
Arrinex,25-Feb-19,Merger/Acquisition,2023,2013,"Menlo Park, CA",10,,
Curative Orthopedics,1-Feb-19,Out of Business,2023,2014,"West Chester, PA",9,,
DBS-Screening,1-Feb-19,Out of Business,2023,2010,"Barcelona, Spain",13,,
MedMatch,1-Feb-19,Out of Business,2023,2013,"Chicago, IL",10,,
Ceterix Orthopaedics,22-Jan-19,Merger/Acquisition,2023,2010,"Fremont, CA",13,,
N-of-One,7-Jan-19,Merger/Acquisition,2023,2007,"Concord, MA",16,,
BresoTec,1-Jan-19,Later Stage VC,2023,2012,"Toronto, Canada",11,,
Brick Health,1-Jan-19,Accelerator/Incubator,2023,2019,"Cupertino, CA",4,,
CRISPR Therapeutics (NAS: CRSP),1-Jan-19,PIPE,2023,2013,"Zug, Switzerland",10,,
Confer Health,1-Dec-18,Out of Business,2023,2015,"Boston, MA",8,,
Novobrace,1-Dec-18,Out of Business,2023,2011,"Lexington, KY",12,,
Genomics Medicine Ireland,27-Nov-18,Merger/Acquisition,2023,2015,"Dublin, Ireland",8,,
Clario,25-Nov-18,Buyout/LBO,2023,2005,"Seattle, WA",18,,
Burl Concepts,14-Nov-18,Later Stage VC,2023,2013,"San Diego, CA",10,,
Capio,8-Nov-18,Merger/Acquisition,2023,¬†,"Gothenburg, Sweden",#VALUE!,,
Flare,31-Oct-18,Early Stage VC,2023,¬†,CA,#VALUE!,,
Bionik Laboratories (PINX: BNKL),29-Oct-18,Public Investment 2nd Offering,2023,2010,"Toronto, Canada",13,,
X2 Biosystems,22-Oct-18,Merger/Acquisition,2023,2010,"Seattle, WA",13,,
Versartis,12-Oct-18,Merger/Acquisition,2023,2008,"Menlo Park, CA",15,,
Allogene Therapeutics (NAS: ALLO),11-Oct-18,IPO,2023,2017,"South San Francisco, CA",6,,
Bollant,5-Oct-18,Early Stage VC,2023,2012,"Hyderabad, India",11,,
GreenPath Food,2-Oct-18,Early Stage VC,2023,2014,"London, United Kingdom",9,,
Visterra,31-Aug-18,Merger/Acquisition,2023,2007,"Waltham, MA",16,,
dMetrics,15-Aug-18,Accelerator/Incubator,2023,2007,"Brooklyn, NY",16,,
W&Wsens Devices,10-Aug-18,Later Stage VC,2023,2014,"Los Altos, CA",9,,
Foundation Medicine,31-Jul-18,Secondary Transaction - Open Market,2023,2010,"Cambridge, MA",13,,
SynTouch,18-Jul-18,Seed Round,2023,2008,"Montrose, CA",15,,
Tal Medical,1-Jul-18,Out of Business,2023,2010,"Boston, MA",13,,
Great Basin Scientific,21-Jun-18,Merger/Acquisition,2023,2005,"West Valley City, UT",18,,
Shareable Forms,12-Jun-18,Merger/Acquisition,2023,2009,"Nashville, TN",14,,
Diagnostic Photonics,25-May-18,Later Stage VC,2023,2008,"Chicago, IL",15,,
Health Vector,5-May-18,Angel (individual),2023,2017,"Newton, MA",6,,
Nemucore Medical Innovations,30-Apr-18,Equity Crowdfunding,2023,2008,"Wellesley, MA",15,,
Sage Health,23-Apr-18,Seed Round,2023,2018,"San Francisco, CA",5,,
T2 Biosystems (NAS: TTOO),11-Apr-18,Secondary Transaction - Open Market,2023,2006,"Lexington, MA",17,,
Agios (NAS: AGIO),9-Apr-18,Merger/Acquisition,2023,2008,"Cambridge, MA",15,,
Flatiron,5-Apr-18,Merger/Acquisition,2023,2012,"New York, NY",11,,
Enlight Biosciences,1-Apr-18,Out of Business,2023,2008,"Boston, MA",15,,
Silicon Therapeutics,1-Apr-18,Grant,2023,2016,"Boston, MA",7,,
Editas Medicine (NAS: EDIT),31-Mar-18,Secondary Transaction - Open Market,2023,2013,"Cambridge, MA",10,,
Tandem Diabetes Care (NAS: TNDM),31-Mar-18,Secondary Transaction - Open Market,2023,2006,"San Diego, CA",17,,
Du Anyam,8-Mar-18,Angel (individual),2023,2014,"Central Jakarta, Indonesia",9,,
Acusphere,5-Mar-18,Out of Business,2023,1993,"Lexington, MA",30,,
XTuit Pharmaceuticals,1-Mar-18,Out of Business,2023,2011,"Waltham, MA",12,,
Dextera Surgical,20-Feb-18,Merger/Acquisition,2023,1997,"Redwood City, CA",26,,
Universal Cells,13-Feb-18,Merger/Acquisition,2023,2013,"Seattle, WA",10,,
NextGen Venture Partners,12-Feb-18,Merger/Acquisition,2023,2012,"Baltimore, MD",11,,
Twine Health,1-Feb-18,Merger/Acquisition,2023,2013,"Cambridge, MA",10,,
Aushon BioSystems,30-Jan-18,Merger/Acquisition,2023,2003,"Billerica, MA",20,,
Petal Health,26-Jan-18,Seed Round,2023,¬†,"Quebec City, Canada",#VALUE!,,
Energous (NAS: WATT),23-Jan-18,Public Investment 2nd Offering,2023,2012,"San Jose, CA",11,,
Mitobridge,23-Jan-18,Merger/Acquisition,2023,2011,"Cambridge, MA",12,,
Sherritt International (TSE: S),17-Jan-18,PIPE,2023,1927,"Toronto, Canada",96,,
Atanse,16-Jan-18,Merger/Acquisition,2023,2010,"Belmont, MA",13,,
Olivo Laboratories,11-Jan-18,Merger/Acquisition,2023,2015,"Watertown, MA",8,,
Clearline MD,9-Jan-18,Corporate,2023,¬†,"Woburn, MA",#VALUE!,,
Viderics,2-Jan-18,Out of Business,2023,2011,"Pacific Palisades, CA",12,,
Air,1-Jan-18,Accelerator/Incubator,2023,2015,"Vigevano, Italy",8,,
Amino Labs,1-Jan-18,Seed Round,2023,2015,"Lethbridge, Canada",8,,
Barrett Medical,1-Jan-18,Grant,2023,1988,"Newton, MA",35,,
IncuMED,1-Jan-18,Bankruptcy: Liquidation,2023,2000,"Durham, NC",23,,
Powch,1-Jan-18,Secondary Transaction - Private,2023,2014,"Lancaster, PA",9,,
Entrega,30-Dec-17,Out of Business,2023,2010,"Boston, MA",13,,
BaroFold,13-Dec-17,Merger/Acquisition,2023,2002,"Aurora, CO",21,,
Cardeas Pharma,1-Dec-17,Out of Business,2023,2010,"Seattle, WA",13,,
Cell Design Labs,1-Dec-17,Merger/Acquisition,2023,2015,"Emeryville, CA",8,,
The Beth Project,1-Dec-17,Out of Business,2023,2012,"Cambridge, MA",11,,
Valor Biotherapeutics,1-Dec-17,Out of Business,2023,2012,"Bryan, TX",11,,
Amide,27-Nov-17,Early Stage VC,2023,2016,"Cambridge, MA",7,,
Ensemble Therapeutics,22-Nov-17,Out of Business,2023,2002,"Cambridge, MA",21,,
Interleukin Genetics,22-Nov-17,Merger/Acquisition,2023,1986,"Waltham, MA",37,,
MedLife (Romania) (BSE: M),17-Nov-17,PIPE,2023,1996,"Bucharest, Romania",27,,
Telemedicine Clinic,13-Nov-17,Merger/Acquisition,2023,2002,"Barcelona, Spain",21,,
CEL UK,6-Nov-17,Grant,2023,2006,"Bristol, United Kingdom",17,,
NeuroMetrix (NAS: NURO),31-Oct-17,PIPE,2023,1996,"Woburn, MA",27,,
Cortex (Application Software),24-Oct-17,Early Stage VC,2023,2016,"Englewood, CO",7,,
ImmuneXcite,12-Oct-17,Out of Business,2023,2007,"Waltham, MA",16,,
Kite Pharma,3-Oct-17,Merger/Acquisition,2023,2009,"Santa Monica, CA",14,,
NeoTract,2-Oct-17,Merger/Acquisition,2023,2004,"Pleasanton, CA",19,,
Invita Nutri√ß√£o Especializada,15-Sep-17,Out of Business,2023,2010,"Belo Horizonte, Brazil",13,,
Joule Unlimited,7-Sep-17,Out of Business,2023,2007,"Bedford, MA",16,,
ActiveLinxx,6-Sep-17,Secondary Transaction - Private,2023,1993,"Milford, CT",30,,
Aquaport,10-Aug-17,Merger/Acquisition,2023,1996,"Findon, Australia",27,,
Chelsea Logistics Holdings (PHS: C),8-Aug-17,IPO,2023,2006,"Davao, Philippines",17,,
Voca,3-Aug-17,Grant,2023,2006,"Kristiansand, Norway",17,,
Sapientia Pharmaceuticals,24-Jul-17,Merger/Acquisition,2023,2012,"Delray Beach, FL",11,,
Cerulean Pharma,19-Jul-17,Merger/Acquisition,2023,2005,"Waltham, MA",18,,
Jawbone,6-Jul-17,Out of Business,2023,1997,"San Francisco, CA",26,,
Neumitra,30-Jun-17,Out of Business,2023,2009,"Boston, MA",14,,
True North Therapeutics,28-Jun-17,Merger/Acquisition,2023,2013,"South San Francisco, CA",10,,
Cure Forward,9-Jun-17,Out of Business,2023,2014,"Cambridge, MA",9,,
MakerHealth,23-May-17,Accelerator/Incubator,2023,2013,"Boston, MA",10,,
Nuelle,5-May-17,Merger/Acquisition,2023,2012,"Mountain View, CA",11,,
121 Bio,1-May-17,Out of Business,2023,2013,"Cambridge, MA",10,,
SomaGenics,1-May-17,Grant,2023,1997,"Santa Cruz, CA",26,,
Zozi,18-Apr-17,Merger/Acquisition,2023,2007,"San Francisco, CA",16,,
UroSee,6-Apr-17,Early Stage VC,2023,2016,"Bellevue, WA",7,,
Qview Medical,13-Mar-17,Later Stage VC,2023,2006,"Los Altos, CA",17,,
Wang Vision Institute,10-Mar-17,Merger/Acquisition,2023,2000,"Nashville, TN",23,,
Kendall Research Systems,22-Feb-17,Merger/Acquisition,2023,2011,"Cambridge, MA",12,,
Middle Peak Medical,14-Feb-17,Merger/Acquisition,2023,2012,"Palo Alto, CA",11,,
Audicus,13-Feb-17,Early Stage VC,2023,2012,"New York, NY",11,,
LifeAir (Air Purifier) (NGM: LAIR),3-Feb-17,Reverse Merger,2023,2005,"Stockholm, Sweden",18,,
Living Proof,1-Feb-17,Merger/Acquisition,2023,2005,"Boston, MA",18,,
Evestra Onkologia,24-Jan-17,Grant,2023,¬†,"Lodz, Poland",#VALUE!,,
Aculyst,20-Jan-17,Early Stage VC,2023,2016,"Plainfield, NJ",7,,
Disease Diagnostic Group,13-Jan-17,Accelerator/Incubator,2023,2012,"Shaker Heights, OH",11,,
MaSiKe,3-Jan-17,Early Stage VC,2023,2015,"Beijing, China",8,,
Active Spectrum,14-Dec-16,Merger/Acquisition,2023,2006,"Foster City, CA",17,,
Cambrian Genomics,7-Dec-16,Out of Business,2023,2011,"San Francisco, CA",12,,
AeroLife,1-Dec-16,Out of Business,2023,2009,"Cambridge, MA",14,,
Galenea,1-Dec-16,Bankruptcy: Liquidation,2023,2003,"Wakefield, MA",20,,
Moby Systems,1-Dec-16,Out of Business,2023,2012,"Orinda, CA",11,,
Eagle Biologics,16-Nov-16,Merger/Acquisition,2023,2013,"Cambridge, MA",10,,
Permeon Biologics,1-Nov-16,Out of Business,2023,2008,"Cambridge, MA",15,,
Val9000,1-Nov-16,Out of Business,2023,2010,"Pacific Palisades, CA",13,,
MetaStat (PINX: MTST),24-Oct-16,PIPE,2023,2007,"Boston, MA",16,,
GlycoMar,17-Oct-16,Grant,2023,2005,"Oban, United Kingdom",18,,
Vindico Pharma,10-Oct-16,Merger/Acquisition,2023,2007,"Lexington, KY",16,,
MiMecore Therapeutics,1-Oct-16,Out of Business,2023,2014,"Beverly, MA",9,,
OLEV Technologies,1-Oct-16,Out of Business,2023,2011,"Boston, MA",12,,
Agilux Laboratories,28-Sep-16,Merger/Acquisition,2023,2007,"Worcester, MA",16,,
Transition Therapeutics,31-Aug-16,Merger/Acquisition,2023,1987,"Toronto, Canada",36,,
Assured Labor,30-Aug-16,Merger/Acquisition,2023,2008,"New York, NY",15,,
BIND Therapeutics,1-Aug-16,Merger/Acquisition,2023,2007,"Cambridge, MA",16,,
Lohika (IT Consulting and Outsourcing),20-Jul-16,Merger/Acquisition,2023,2001,"San Mateo, CA",22,,
Droplet (Payment Platform),15-Jul-16,Out of Business,2023,2011,"London, United Kingdom",12,,
Epiva Biosciences,12-Jul-16,Merger/Acquisition,2023,2014,"Cambridge, MA",9,,
DNX Biopharmaceuticals,1-Jul-16,Angel (individual),2023,2014,"Irvine, CA",9,,
Oraya Therapeutics,17-Jun-16,Merger/Acquisition,2023,2006,"Newark, CA",17,,
Renew Medical,16-Jun-16,Later Stage VC,2023,¬†,"London, United Kingdom",#VALUE!,,
IndianRaga,9-Jun-16,Angel (individual),2023,2012,"Boston, MA",11,,
ClickMedix,27-May-16,Grant,2023,2008,"Gaithersburg, MD",15,,
Astraeus Technologies,11-May-16,Grant,2023,2015,"Worcester, MA",8,,
MedTrak,1-May-16,Out of Business,2023,2010,"Wauwatosa, WI",13,,
Viopti,1-May-16,Out of Business,2023,2009,"Dumbarton, United Kingdom",14,,
Wellesley Pharmaceuticals,18-Apr-16,Later Stage VC,2023,2011,"Newtown, PA",12,,
Arsenal Health,11-Apr-16,Merger/Acquisition,2023,2012,"Watertown, MA",11,,
KineMed,5-Apr-16,Bankruptcy: Admin/Reorg,2023,2001,"Emeryville, CA",22,,
BestDose,1-Apr-16,Out of Business,2023,2013,"Los Angeles, CA",10,,
Oxalys Pharmaceuticals,1-Apr-16,Grant,2023,2010,"Toronto, Canada",13,,
SunDaily,1-Apr-16,Out of Business,2023,2011,"Detroit, MI",12,,
Closed loops,22-Mar-16,Grant,2023,2014,¬†,9,,
Stentys (LTS: 0OMV),7-Mar-16,Public Investment 2nd Offering,2023,2006,"Saint Denis, France",17,,
Tribute Pharmaceuticals,5-Feb-16,Merger/Acquisition,2023,1981,"Milton, Canada",42,,
Echo Therapeutics,1-Feb-16,Convertible Debt,2023,1989,"Woodbridge Township, NJ",34,,
The Lathe,29-Jan-16,Merger/Acquisition,2023,2003,"New York, NY",20,,
Placon Therapeutics,13-Jan-16,Early Stage VC,2023,2015,"North Attleborough, MA",8,,
Raze Therapeutics,31-Dec-15,Out of Business,2023,2014,"Cambridge, MA",9,,
Glycostasis,1-Dec-15,Merger/Acquisition,2023,2012,"Seattle, WA",11,,
NeuroVista,1-Dec-15,Out of Business,2023,2002,"Seattle, WA",21,,
EducationSuperHighway,20-Nov-15,Grant,2023,2012,"San Francisco, CA",11,,
Hepregen,6-Nov-15,Merger of Equals,2023,2007,"Medford, MA",16,,
Galliivs,1-Nov-15,Out of Business,2023,2011,"Norman, OK",12,,
Adheron Therapeutics,9-Oct-15,Merger/Acquisition,2023,2006,"Berkeley, CA",17,,
MedStatix,16-Sep-15,Early Stage VC,2023,2013,"Lancaster, PA",10,,
Receptos,27-Aug-15,Merger/Acquisition,2023,2007,"San Diego, CA",16,,
Wellnest (Electronics (B2C)),14-Aug-15,Seed Round,2023,2014,"Charleston, SC",9,,
Spectros,1-Aug-15,Merger/Acquisition,2023,1995,"Houston, TX",28,,
Applied Predictive Technologies,28-May-15,Merger/Acquisition,2023,1999,"Arlington, VA",24,,
PHT,11-May-15,Buyout/LBO,2023,1994,"Boston, MA",29,,
Tarpon Biosystems,21-Apr-15,Merger/Acquisition,2023,2006,"Worcester, MA",17,,
Vertex Pharmaceuticals (NAS: VRTX),21-Apr-15,Merger/Acquisition,2023,1989,"Boston, MA",34,,
Valiant Health,10-Apr-15,Merger/Acquisition,2023,2011,"Milwaukee, WI",12,,
Eclipse Systems,2-Mar-15,Buyout/LBO,2023,1989,"Branford, CT",34,,
TaDa Innovations,1-Feb-15,Out of Business,2023,2009,"Emeryville, CA",14,,
Firefly BioWorks,21-Jan-15,Merger/Acquisition,2023,2009,"Cambridge, MA",14,,
Aeris Therapeutics,8-Jan-15,Merger/Acquisition,2023,2004,"Woburn, MA",19,,
Icagen,8-Jan-15,PIPE,2023,1992,"Durham, NC",31,,
Omic Biosystems,1-Jan-15,Out of Business,2023,2009,"Rockville, MD",14,,
Seedlings Enterprises,1-Jan-15,Out of Business,2023,1999,"Newton, MA",24,,
Wi-SKY Inflight,22-Dec-14,Bankruptcy: Admin/Reorg,2023,2008,"Atlanta, GA",15,,
Ambit Biosciences,11-Nov-14,Merger/Acquisition,2023,2000,"San Diego, CA",23,,
Affinnova,30-Oct-14,Buyout/LBO,2023,2000,"Waltham, MA",23,,
Endosee,8-Oct-14,Merger/Acquisition,2023,2010,"Los Altos, CA",13,,
PeptiDream (TKS: 4587),3-Oct-14,PIPE,2023,2006,"Kawasaki, Japan",17,,
Allegro Diagnostics,5-Sep-14,Merger/Acquisition,2023,2006,"Maynard, MA",17,,
Closed Loop Healthcare Partners,1-Aug-14,Bankruptcy: Liquidation,2023,2010,"Durham, NC",13,,
Diartis Pharmaceuticals,1-Aug-14,Bankruptcy: Liquidation,2023,2010,"Redwood City, CA",13,,
Vapro,1-Aug-14,Bankruptcy: Liquidation,2023,2004,"Arlington, TX",19,,
Alltech Medical Systems,1-Jul-14,Later Stage VC,2023,2005,"Chengdu, China",18,,
Genia Technologies,3-Jun-14,Merger/Acquisition,2023,2009,"Mountain View, CA",14,,
Coltrix BioMedical,1-Jun-14,Out of Business,2023,2010,"Fort Worth, TX",13,,
iPierian,29-Apr-14,Merger/Acquisition,2023,2007,"South San Francisco, CA",16,,
Xitogen Technologies,23-Apr-14,Merger/Acquisition,2023,2011,"Suzhou, China",12,,
Pacira BioSciences (NAS: PCRX),14-Apr-14,Public Investment 2nd Offering,2023,2006,"Parsippany, NJ",17,,
Celexion,8-Apr-14,Merger/Acquisition,2023,2009,"Cambridge, MA",14,,
CoAlign Innovations,31-Mar-14,Merger/Acquisition,2023,2007,"Redwood City, CA",16,,
Pivot Medical,12-Mar-14,Merger/Acquisition,2023,2007,"Sunnyvale, CA",16,,
Combinent BioMedical Systems,1-Feb-14,Out of Business,2023,2000,"Lexington, MA",23,,
LS9,22-Jan-14,Merger/Acquisition,2023,2005,"South San Francisco, CA",18,,
Entelos,7-Jan-14,Merger/Acquisition,2023,1996,"San Mateo, CA",27,,
CAVU Medical,1-Jan-14,Bankruptcy: Liquidation,2023,2008,"Menlo Park, CA",15,,
Fluential,1-Jan-14,Merger/Acquisition,2023,1998,"Sunnyvale, CA",25,,
NemaLabs,1-Jan-14,Bankruptcy: Liquidation,2023,2006,"Gothenburg, Sweden",17,,
QRxPharma,13-Nov-13,PIPE,2023,2002,"Camberwell, Australia",21,,
Nutraliquids,7-Oct-13,Merger/Acquisition,2023,2010,"San Diego, CA",13,,
Latest Medical,1-Oct-13,Out of Business,2023,2007,"Palo Alto, CA",16,,
Onyx Pharmaceuticals,1-Oct-13,Merger/Acquisition,2023,1992,"South San Francisco, CA",31,,
Poniard Pharmaceuticals (PINX: PARD),3-Sep-13,Bankruptcy: Liquidation,2023,1984,"Seattle, WA",39,,
ReproCELL (TKS: 4978),26-Jun-13,IPO,2023,2003,"Yokohama, Japan",20,,
On-Q-ity,12-Apr-13,Bankruptcy: Liquidation,2023,2004,"Waltham, MA",19,,
SpringLeaf Therapeutics,1-Feb-13,Bankruptcy: Liquidation,2023,2007,"Boston, MA",16,,
BG Medicine (PINX: BGMD),24-Jan-13,PIPE,2023,2000,"Foxbor, MA",23,,
Orthopeutics,1-Jan-13,Grant,2023,2004,"Lexington, KY",19,,
Theracrine,1-Jan-13,Bankruptcy: Liquidation,2023,2010,"Cambridge, MA",13,,
Enovate Medical,26-Dec-12,PE Growth/Expansion,2023,1994,"Murfreesboro, TN",29,,
Ligon Discovery,19-Dec-12,Bankruptcy: Liquidation,2023,2007,"Cambridge, MA",16,,
Helicos Biosciences,19-Nov-12,Bankruptcy: Admin/Reorg,2023,2003,"Cambridge, MA",20,,
Travel Intelligence,13-Nov-12,Merger/Acquisition,2023,1999,"London, United Kingdom",24,,
U-Systems,9-Nov-12,Merger/Acquisition,2023,1997,"Sunnyvale, CA",26,,
Recovers,31-Oct-12,Seed Round,2023,2011,"Monson, MA",12,,
Rhythmia Medical,8-Oct-12,Merger/Acquisition,2023,2004,"Burlington, MA",19,,
Astadia (Acquired 2012),17-Sep-12,Buyout/LBO,2023,2003,"Frisco, TX",20,,
My-pills,13-Aug-12,Accelerator/Incubator,2023,2012,"San Francisco, CA",11,,
Care Management International,1-Jul-12,Merger/Acquisition,2023,2006,"Hoboken, NJ",17,,
Semprus BioSciences,22-May-12,Merger/Acquisition,2023,2006,"Cambridge, MA",17,,
BASF Pharma (Callanish),9-May-12,Merger/Acquisition,2023,2005,"Callanish, United Kingdom",18,,
Pervasis Therapeutics,19-Apr-12,Merger/Acquisition,2023,2003,"Cambridge, MA",20,,
Droplet Technology,20-Mar-12,Merger/Acquisition,2023,2000,"Menlo Park, CA",23,,
Gennum,20-Mar-12,Merger/Acquisition,2023,1973,"Burlington, Canada",50,,
X-Ray Optical Systems,2-Mar-12,Merger/Acquisition,2023,1990,"East Greenbush, NY",33,,
Medicinal Genomics (Acquired),17-Jan-12,Merger/Acquisition,2023,2011,"Amsterdam, Netherlands",12,,
Sova Pharmaceuticals,10-Jan-12,Early Stage VC,2023,2010,"La Jolla, CA",13,,
Cardiio,1-Jan-12,Seed Round,2023,2012,"Cambridge, MA",11,,
Evera Medical,1-Jan-12,Bankruptcy: Liquidation,2023,2004,"Foster City, CA",19,,
BioSystem Development,1-Dec-11,Merger/Acquisition,2023,2002,"Madison, WI",21,,
EHouse Global (GREY: EHOS),25-Nov-11,IPO,2023,2009,"San Diego, CA",14,,
Amira Pharmaceuticals,7-Sep-11,Merger/Acquisition,2023,2005,"San Diego, CA",18,,
Beckman Coulter,29-Jun-11,Merger/Acquisition,2023,1935,"Brea, CA",88,,
Medical Learning,24-Feb-11,Merger/Acquisition,2023,1997,"Saint Paul, MN",26,,
Afferent Corporation,1-Jan-11,Bankruptcy: Liquidation,2023,2000,"Providence, RI",23,,
ANPA Medical,1-Jan-11,Bankruptcy: Liquidation,2023,2003,"San Mateo, CA",20,,
EnzymeRx,29-Nov-10,Merger/Acquisition,2023,2008,"Paramus, NJ",15,,
Dr. John Dos Passos (Properties in Tampa),1-Nov-10,Buyout/LBO,2023,2002,"Tampa, FL",21,,
CGI Pharmaceuticals,28-Jun-10,Merger/Acquisition,2023,1998,"Branford, CT",25,,
Better Health (Managed Care),4-May-10,Buyout/LBO,2023,2010,"Miami, FL",13,,
iBalance Medical,25-Mar-10,Merger/Acquisition,2023,2004,"Boulder, CO",19,,
Basic Solutions,22-Mar-10,Merger/Acquisition,2023,1987,"Seabrook, TX",36,,
Azure Therapeutics,1-Jan-10,Out of Business,2023,2006,"San Diego, CA",17,,
Ghonsla,1-Jan-10,Accelerator/Incubator,2023,2007,"Lahore, Pakistan",16,,
Momenta,1-Jan-10,Grant,2023,2002,"Martinsville, VA",21,,
BioTrove,15-Dec-09,Merger/Acquisition,2023,1997,"Woburn, MA",26,,
HealthHonors,14-Oct-09,Merger/Acquisition,2023,2006,"Norwell, MA",17,,
mNemoscience,1-Aug-09,Bankruptcy: Liquidation,2023,1998,"Aachen, Germany",25,,
BioProcessors,9-Mar-09,Merger/Acquisition,2023,2000,"Woburn, MA",23,,
Deep Blue Wireless,6-Mar-09,Merger/Acquisition,2023,2001,"Menlo Park, CA",22,,
GridNode,4-Feb-09,Merger/Acquisition,2023,2001,"Redwood City, CA",22,,
Allux Medical,2-Feb-09,Bankruptcy: Liquidation,2023,1998,"Menlo Park, CA",25,,
Novacea,2-Feb-09,Merger/Acquisition,2023,2001,"South San Francisco, CA",22,,
Spherics,24-Oct-08,Bankruptcy: Liquidation,2023,1997,"Mansfield, MA",26,,
NeuroCom International,2-Oct-08,Merger/Acquisition,2023,1984,"Clackamas, OR",39,,
Engineous Software,21-Jul-08,Merger/Acquisition,2023,1994,"Cary, NC",29,,
Sirtris Pharmaceuticals,5-Jun-08,Merger/Acquisition,2023,2004,"Cambridge, MA",19,,
Assistive Technology,8-Jan-08,Merger/Acquisition,2023,1995,"Newton, MA",28,,
iRemit Global Remittance (PHS: I),17-Oct-07,IPO,2023,2001,"Pasig, Philippines",22,,
Atlantis Components,27-Sep-07,Merger/Acquisition,2023,1996,"Cambridge, MA",27,,
Global Telemedix,31-May-07,Bankruptcy: Liquidation,2023,1995,"Westford, MA",28,,
PhyTrust of South Carolina,20-Apr-07,Merger/Acquisition,2023,2003,"Myrtle Beach, SC",20,,
Equazen,1-Jan-07,Merger/Acquisition,2023,1999,"London, United Kingdom",24,,
Brontes Technologies,16-Oct-06,Merger/Acquisition,2023,2003,"Lexington, MA",20,,
Digital 5,24-Apr-06,Merger/Acquisition,2023,1993,"Lawrence Township, NJ",30,,
Xcyte Therapies,15-Dec-05,Merger/Acquisition,2023,1996,"Seattle, WA",27,,
Silicon Magike,19-Aug-05,Merger/Acquisition,2023,2003,"Austin, TX",20,,
Agencourt Bioscience,27-Apr-05,Merger/Acquisition,2023,2000,"Beverly, MA",23,,
Kurzweil Educational Systems,7-Apr-05,Buyout/LBO,2023,1996,"Bedford, MA",27,,
Computational Biology,5-Jan-05,Merger/Acquisition,2023,2005,"Cambridge, MA",18,,
1747,1-Jan-05,Bankruptcy: Liquidation,2023,2000,"San Francisco, CA",23,,
Metallic Power,29-Oct-04,Bankruptcy: Liquidation,2023,1995,"Carlsbad, CA",28,,
X-Ceptor Therapeutics,19-Oct-04,Merger/Acquisition,2023,1999,"San Diego, CA",24,,
AMICAS (Boston),26-Nov-03,Merger/Acquisition,2023,1995,"Boston, MA",28,,
TransVascular,1-Aug-03,Merger/Acquisition,2023,1996,"Menlo Park, CA",27,,
Appriva Medical,9-Aug-02,Merger/Acquisition,2023,1998,"Sunnyvale, CA",25,,
Express Med,26-Jun-02,Buyout/LBO,2023,1994,"New Albany, OH",29,,
EON Media,9-Jan-02,Merger/Acquisition,2023,2001,"Quebec City, Canada",22,,
Open Market (Cambridge),23-Oct-01,Merger/Acquisition,2023,1994,"Cambridge, MA",29,,
StorageApps,1-Sep-01,Merger/Acquisition,2023,1995,"Bridgewater, NJ",28,,
Aurora Biosciences,18-Jul-01,Merger/Acquisition,2023,1995,"San Diego, CA",28,,
ACT Medical (US),13-Dec-00,Buyout/LBO,2023,1990,"Newton, MA",33,,
Acuson,10-Nov-00,Merger/Acquisition,2023,1979,"Mountain View, CA",44,,
Sequana Therapeutics,9-Jan-98,Merger/Acquisition,2023,1993,"San Diego, CA",30,,
Synteni,6-Jan-98,Merger/Acquisition,2023,1994,"Palo Alto, CA",29,,
PerSeptive BioSystems,25-Aug-97,Merger/Acquisition,2023,1989,"Framingham, MA",34,,
Biopsys Medical,23-May-97,Merger/Acquisition,2023,1993,"Irvine, CA",30,,
Athena Neurosciences,1-Jul-96,Merger/Acquisition,2023,1986,"San Francisco, CA",37,,
Resonex,1-Sep-95,Merger/Acquisition,2023,1984,"Fremont, CA",39,,
Enzytech,7-Dec-92,Merger/Acquisition,2023,1987,"Cambridge, MA",36,,
Somatix Therapy,20-Feb-92,IPO,2023,1991,"Alameda, CA",32,,
Salutar,28-Apr-89,Merger/Acquisition,2023,1983,"Sunnyvale, CA",40,,
3D Architech,¬†,¬†,2023,2022,"Cambridge, MA",1,,
Abstract Ventures,¬†,¬†,2023,2016,"San Francisco, CA",7,,
Advanced Telemed Services,¬†,¬†,2023,2012,"Miami, FL",11,,
Aeolian Biotech,¬†,¬†,2023,2022,"Lincoln, NE",1,,
Alcas,¬†,¬†,2023,1984,"Naarden, Netherlands",39,,
Alkamis,¬†,¬†,2023,2021,"Singapore, Singapore",2,,
Alnylam Pharmaceuticals (NAS: ALNY),¬†,PIPE,2023,2002,"Cambridge, MA",21,,
AnaptysBio (NAS: ANAB),¬†,Secondary Transaction - Open Market,2023,2005,"San Diego, CA",18,,
Animo (Other Hardware),¬†,¬†,2023,1994,"Yokohama-sh, Japan",29,,
Auraleaf Innovations,¬†,¬†,2023,2020,"Cambridge, MA",3,,
Babson Diagnostics,¬†,Secondary Transaction - Private,2023,2017,"Austin, TX",6,,
Carestry,¬†,¬†,2023,¬†,"Cambridge, MA",#VALUE!,,
Cary Medical Management,¬†,¬†,2023,2020,"Cary, NC",3,,
Cellino,¬†,¬†,2023,1996,Italy,27,,
CIBO Technologies,¬†,Later Stage VC,2023,2015,"St. Louis Park, MN",8,,
CIC Health,¬†,¬†,2023,1999,"Cambridge, MA",24,,
Clio GO,¬†,Early Stage VC,2023,¬†,"Lancaster, PA",#VALUE!,,
Coagulo Medical Technologies,¬†,Early Stage VC,2023,2018,"Auburndale, MA",5,,
Coda Biotherapeutics,¬†,Out of Business,2023,2014,"South San Francisco, CA",9,,
Codexis (NAS: CDXS),¬†,Secondary Transaction - Open Market,2023,2002,"Redwood City, CA",21,,
Cognition Medical,¬†,Later Stage VC,2023,2012,"Atlanta, GA",11,Founder is alum,GH
Commure,¬†,Secondary Transaction - Private,2023,2017,"San Francisco, CA",6,,
Compass,¬†,Later Stage VC,2023,2003,"Winchester, VA",20,,
Connected Care Health Services,¬†,¬†,2023,2018,"Newport Beach, CA",5,,
DermMi,¬†,¬†,2023,2016,"Boston, MA",7,,
eagle health,¬†,¬†,2023,¬†,"Manassas, VA",#VALUE!,,
eCare Vault,¬†,Secondary Transaction - Private,2023,2015,"Boston, MA",8,,
EightSpokes,¬†,Merger/Acquisition,2023,2012,"San Jose, CA",11,,
Ekips Technologies,¬†,Bankruptcy: Liquidation,2023,1997,"Norman, OK",26,,
Elysium Health,¬†,Later Stage VC,2023,2014,"New York, NY",9,,
EmbodyBio,¬†,¬†,2023,2020,"Corte Madera, CA",3,,
Ergami Endoscopy,¬†,¬†,2023,2022,"Brooklyn, NY",1,,
FIGUR8,¬†,Secondary Transaction - Private,2023,2016,"Boston, MA",7,,
Flourish Prenatal,¬†,Equity Crowdfunding,2023,2012,"Pikesville, MD",11,,
Future Technologies,¬†,¬†,2023,1996,"Plainfield, NJ",27,,
GelMEDIX,¬†,Early Stage VC,2023,2020,"Cambridge, MA",3,,
General Sensing,¬†,Early Stage VC,2023,2005,"Cambridge, MA",18,,
Genomic Expression,¬†,Later Stage VC,2023,2009,"Beverly, MA",14,,
Genovior Biotech,¬†,Seed Round,2023,2015,Taiwan,8,,
Ginger-U,¬†,¬†,2023,2017,"San Diego, CA",6,,
Golden Thread Technology,¬†,¬†,2023,2018,"Gaithersburg, MD",5,,
Great Product,¬†,¬†,2023,¬†,"Cambridge, MA",#VALUE!,,
Harbinger Health,¬†,Early Stage VC,2023,2018,"Cambridge, MA",5,,
Harbor Medical Devices,¬†,Secondary Transaction - Private,2023,2010,"Jaffrey, NH",13,,
HauteDecor,¬†,Out of Business,2023,1999,"New York, NY",24,,
Health Passport Worldwide,¬†,¬†,2023,2020,"Dublin, Ireland",3,,
Health[at]Scale Technologies,¬†,Accelerator/Incubator,2023,2015,"San Jose, CA",8,,
Indigo,¬†,Secondary Transaction - Private,2023,2013,"Boston, MA",10,,
Infina Connect,¬†,Later Stage VC,2023,2010,"Cary, NC",13,,
Infinity BiologiX,¬†,¬†,2023,2020,"Piscataway, NJ",3,,
InterSystems,¬†,¬†,2023,1978,"Cambridge, MA",45,,
Intracel,¬†,Bankruptcy: Liquidation,2023,1985,"Frederick, MD",38,,
Intuitive Surgical (NAS: ISRG),¬†,Secondary Transaction - Open Market,2023,1995,"Sunnyvale, CA",28,,
Iterative Health,¬†,Secondary Transaction - Private,2023,2017,"Cambridge, MA",6,,
kaizen brain center,¬†,¬†,2023,2005,"La Jolla, CA",18,,
Kiverdi,¬†,Later Stage VC,2023,2008,"Pleasanton, CA",15,,
LabShares Newton,¬†,¬†,2023,2018,"Newton, MA",5,,
Landmark Graphics,¬†,Out of Business,2023,1982,"Houston, TX",41,,
Madaket,¬†,Secondary Transaction - Private,2023,2012,"Cambridge, MA",11,,
Maku Technologies,¬†,¬†,2023,2018,"Durham, NC",5,,
Matica Biotechnology,¬†,¬†,2023,2019,"College Station, TX",4,,
MedEye,¬†,Secondary Transaction - Private,2023,2009,"Den Bosch, Netherlands",14,,
Miracle,¬†,Seed Round,2023,2022,"San Francisco, CA",1,,
Mother Dirt,¬†,¬†,2023,2015,"Cambridge, MA",8,,
Natera (NAS: NTRA),¬†,Secondary Transaction - Open Market,2023,2004,"San Carlos, CA",19,,
NC Biomatrix,¬†,Secondary Transaction - Private,2023,2019,"Eindhoven, Netherlands",4,,
Newfire Global Partners,¬†,¬†,2023,2016,"Cambridge, MA",7,,
Nubiyota,¬†,¬†,2023,2013,"Teaneck, NJ",10,,
O2 Medtech,¬†,Out of Business,2023,2006,"Los Altos, CA",17,,
Oculogica,¬†,Secondary Transaction - Private,2023,2013,"New Richmond, WI",10,,
Oncorus (PINX: ONCR),¬†,Merger/Acquisition,2023,2015,"Andover, MA",8,,
Panmira Pharmaceuticals,¬†,Merger/Acquisition,2023,2011,"San Diego, CA",12,,
Parsagen Diagnostics,¬†,Merger/Acquisition,2023,2014,"Boston, MA",9,,
PillPack,¬†,Grant,2023,2013,"Manchester, NH",10,,
Privo Technologies,¬†,Grant,2023,1991,"Peabody, MA",32,,
Psivant Therapeutics,¬†,¬†,2023,2022,"Boston, MA",1,,
PureHoney Technologies,¬†,¬†,2023,2015,"Billerica, MA",8,,
QuantaEd Solutions,¬†,¬†,2023,2019,"San Diego, CA",4,,
Reopia Optics,¬†,Accelerator/Incubator,2023,¬†,"Dallas, TX",#VALUE!,,
ResMed (NYS: RMD),¬†,Debt - General,2023,1989,"San Diego, CA",34,,
SafePilot,¬†,¬†,2023,¬†,"Beaufort, SC",#VALUE!,,
Sandbox Industries,¬†,PE Growth/Expansion,2023,2003,"Chicago, IL",20,,
Scout Bio,¬†,Secondary Transaction - Private,2023,2016,"Philadelphia, PA",7,,
SetPoint Medical,¬†,Secondary Transaction - Private,2023,2006,"Valencia, CA",17,,
Sofia Health,¬†,¬†,2023,2019,"Lemoore, CA",4,,
Speech Buddies,¬†,Secondary Transaction - Private,2023,2010,"San Francisco, CA",13,,
Sunflower Therapeutics,¬†,Angel (individual),2023,2018,"Cambridge, MA",5,,
Sunny River Management,¬†,¬†,2023,2012,"Atlanta, GA",11,,
Sutro Biopharma (NAS: STRO),¬†,Secondary Transaction - Open Market,2023,2003,"South San Francisco, CA",20,,
Svastir,¬†,¬†,2023,2005,"Sunny Isles Beach, FL",18,,
Synhale Therapeutics,¬†,¬†,2023,¬†,"Dover, DE",#VALUE!,,
Synthera Health,¬†,¬†,2023,2020,"Boston, MA",3,,
Tabby Therapeutics,¬†,Early Stage VC,2023,2021,"Ness Ziona, Israel",2,,
Takeda (Germany),¬†,¬†,2023,1981,"Konstanz, Germany",42,,
Taris Biomedical,¬†,¬†,2023,2008,"Woburn, MA",15,,
The Resource Group,¬†,¬†,2023,2009,"Saint Louis, MO",14,,
The Universe And More,¬†,¬†,2023,2012,¬†,11,,
Think Tx,¬†,¬†,2023,2018,"Newton, MA",5,,
United Therapeutics (NAS: UTHR),¬†,PIPE,2023,1996,"Silver Spring, MD",27,,
Vega Therapeutics,¬†,Early Stage VC,2023,2018,"South San Francisco, CA",5,,
Viacor,¬†,Bankruptcy: Liquidation,2023,1999,"Wilmington, MA",24,,
Vibrynt,¬†,Bankruptcy: Liquidation,2023,2006,"Redwood City, CA",17,,
Vicarious Surgical (NYS: RBOT),¬†,Secondary Transaction - Private,2023,2014,"Waltham, MA",9,,
Vitakey,¬†,¬†,2023,2020,"Cambridge, MA",3,,
WISE (Diagnostic Equipment),¬†,Secondary Transaction - Private,2023,2011,"Cologno Monzese, Italy",12,,
Wylei,¬†,PE Growth/Expansion,2023,2013,"Lancaster, PA",10,,
Xemet,¬†,Secondary Transaction - Private,2023,2007,"Lohja, Finland",16,,
XIRA,¬†,¬†,2023,2019,"Palo Alto, CA",4,,